Protocol,Flow Duration,Tot Fwd Pkts,Tot Bwd Pkts,TotLen Fwd Pkts,TotLen Bwd Pkts,Fwd Pkt Len Mean,Bwd Pkt Len Mean,Flow Byts/s,Flow Pkts/s,Pkt Len Mean,Pkt Len Std,SYN Flag Cnt,ACK Flag Cnt,FIN Flag Cnt,RST Flag Cnt,PSH Flag Cnt,URG Flag Cnt,feature_18,feature_19,feature_20,feature_21,feature_22,feature_23,feature_24,feature_25,feature_26,feature_27,feature_28,feature_29,feature_30,feature_31,feature_32,feature_33,feature_34,feature_35,feature_36,feature_37,feature_38,feature_39,feature_40,feature_41,feature_42,feature_43,feature_44,feature_45,feature_46,feature_47,feature_48,feature_49,feature_50,feature_51,feature_52,feature_53,feature_54,feature_55,feature_56,feature_57,feature_58,feature_59,feature_60,feature_61,feature_62,feature_63,feature_64,feature_65,feature_66,feature_67,feature_68,feature_69,feature_70,feature_71,feature_72,feature_73,feature_74,feature_75,feature_76,feature_77,feature_78,Label
0.01240891202797767,0.7619480151180383,0.1855922704424573,0.13399760502358427,0.6199262003187341,0.01470639954001951,0.41659262917803785,0.02948771252352167,0.557847322117768,0.08900116259008295,0.2078831513032614,0.5204813376326524,0.6947120283520851,0.9155602674589938,0.9128884495514853,0.08706336924022884,0.34304759898285775,0.895896296278684,0.010467272862252464,0.15771639782233604,0.4666277642757659,0.3028332790619931,0.0442479792383087,0.7588602067342204,0.9453657158638801,0.17550062531545918,0.2580647131874465,0.3609158123855132,0.729212911893148,0.5101073652887277,0.17854368705578216,0.573026520870716,0.13743465066680305,0.36784935080651227,0.31393333049448935,0.04411920405501624,0.9997008731888436,0.11828358360954117,0.3296588593608091,0.14238699923939946,0.19747092527747212,0.2458145686611506,0.7187215585751424,0.01652816006648994,0.09863081051062506,0.15720527434317888,0.25907700563882696,0.4665038083795835,0.6873510790445034,0.8233877953207225,0.17472203249779528,0.014178694259505131,0.3323014039959967,0.25633036041589663,0.9556631025988864,0.7821262839620072,0.8020566170810838,0.8451577146811419,0.2883973436479723,0.7398638236318236,0.02117859670783584,0.4282616516769311,0.13948250950542085,0.5650528565090062,0.9453149380201916,0.4047181193331817,0.30554913201085876,0.44936369026790657,0.5524154434492342,0.32052274666216174,0.4755960232630865,0.6537118633113727,0.5733879106195857,0.29348656085848956,0.7116177762520662,0.27719986613715886,0.1789900011572395,0.2468447270515679,0.8129554987212766,BENIGN
0.5711657990296246,0.5281239659751361,0.6996429712940823,0.8955555389198504,0.8496652550838959,0.8217529481789568,0.040875127997872074,0.9485821544343332,0.8333350130684889,0.6987539032414966,0.98535646033001,0.5493430109394755,0.42316273046160313,0.5653547976190297,0.9094276844291302,0.9821681846198516,0.5761531727286869,0.9515679063484994,0.3814295102073514,0.8632522110038134,0.7319938401053859,0.6128904451476571,0.4657021643392232,0.5534926255375401,0.2727123842464786,0.35166153657059773,0.13161088624014539,0.8775178177425614,0.23647562596257654,0.47666153175773707,0.44956601421084663,0.31697362265706974,0.7351086906906683,0.29142860121727265,0.7061738688149634,0.9410162814293038,0.3001252565106465,0.4061310578777054,0.8561390708083235,0.17768440178221345,0.0741537908484966,0.10381569182349415,0.257921455971012,0.24782648853889733,0.07264830351459395,0.5170070284021717,0.2110876463953304,0.5735504321618972,0.9509757001250951,0.5060614532985128,0.8345244900124633,0.819544816372456,0.9856917463958729,0.4868517100566603,0.9360911331486704,0.15689763695143155,0.910266795855716,0.2634432472139352,0.0677322643197521,0.5456043381713421,0.6040938558696293,0.5020607535505707,0.23922550946246413,0.1209587248405084,0.9387320836492784,0.2988444841345711,0.6521768910795491,0.18654334079305757,0.3232254235137696,0.6429639554520739,0.03261898534021046,0.796702056954621,0.3195008753243124,0.5179086834102546,0.855168318966805,0.278252573054644,0.38626188938438333,0.6363020068514311,0.45094461365795324,BENIGN
0.36696908798274974,0.6517564182201658,0.3572814554123289,0.7943896187261983,0.3375092757435245,0.7474794320902831,0.06694440712073979,0.5835770056648573,0.6405393279278698,0.13296187782667412,0.4072248609644943,0.9848995399027882,0.9663057322146693,0.3171554559115105,0.23557387331266988,0.14448802931336813,0.6757279074545763,0.7999907438230973,0.7439820878278689,0.10076532318132636,0.8551485003745081,0.7849700671480786,0.6374852157490749,0.17956372919991492,0.8083296276920099,0.9859350386263946,0.11628429047044164,0.8048873136753572,0.8441816860039182,0.39942426027424527,0.19245124513949496,0.5260977211065502,0.15303357472199908,0.7104627049377231,0.6496531253684127,0.9699620172835286,0.15099448314888742,0.29930406349460936,0.20841175298342496,0.46078661140322896,0.4849413380465478,0.1582698134145425,0.012849276464823922,0.19207741215797047,0.577610313543353,0.40631846069164423,0.5294613724856125,0.4334845127569835,0.6005149067391562,0.12493654852324221,0.02424588231210778,0.11890191687741924,0.6641765487810831,0.42448489800687195,0.6230758312257692,8.930919015315286e-05,0.6265663300892864,0.20687951591975862,0.4971991573599145,0.8818994851120486,0.9143381578462224,0.05331832639968115,0.6301978691278544,0.10833137076219523,0.4985767951715414,0.7490613111085449,0.6061667520950682,0.9304097846674312,0.21268691612495016,0.6586945970116163,0.20126714497667952,0.7327588981516644,0.45042396424784814,0.23248842050246632,0.8091699094988002,0.4818646535900918,0.6684966050397876,0.8397815463534136,0.502386485278151,BENIGN
0.29656760375109326,0.1654633957321915,0.0009472459477760653,0.9380487999885903,0.7167586024744004,0.3657471009049663,0.6174029057399247,0.7225452443072533,0.24333181653733538,0.2834439152079491,0.9853214993985375,0.5621351513713256,0.2117565048875487,0.9420574553210991,0.03469426838755785,0.6139074894833986,0.12941595905189263,0.17787844816835685,0.9464457724196145,0.016372574060216638,0.7200312086267961,0.6826253968880143,0.5741872767237642,0.5581990488347753,0.5004126960673235,0.22245528732829,0.9530940425907881,0.34831010439564336,0.7297530908849884,0.3921764928685062,0.08223965590446547,0.37527781866308996,0.20190036161928027,0.6551209197137259,0.6544853655309621,0.5224958159337485,0.05612901040732232,0.09496765680263985,0.505471696360974,0.8146343970952222,0.2486439250059178,0.16440316888212647,0.1803835781787645,0.8161251435415314,0.9031468491999726,0.6010659162791064,0.38194269723082575,0.9659489275177906,0.5407197527216815,0.7490141403737849,0.9720346915428195,0.10982526373309598,0.1680987169188921,0.2054019307027265,0.7579934792469867,0.4257738719849409,0.6246803695499575,0.07555340474058392,0.510153855031267,0.6667279531101518,0.6990574327869377,0.5583101354811929,0.2996648591306248,0.7075372662755782,0.004688096476876624,0.2652527800600929,0.3080916330257756,0.6699731201865585,0.4900908797274961,0.4258295625681574,0.36539086977140245,0.7928831189543195,0.28633707244237705,0.3473043321875836,0.6197216470792078,0.27776366031095645,0.19552394023770026,0.1695125322500164,0.8295612296364098,BENIGN
0.05051561819679051,0.1071194306566634,0.7610661209214742,0.6461975978716225,0.17012555219100534,0.30025714781782153,0.22565714577837193,0.05587514435041663,0.9742866338893647,0.32778036218921014,0.7718450604983771,0.45635318594980523,0.33052895862471754,0.4273372832684633,0.15188338889597075,0.6690526901438786,0.9050156347048802,0.8000896854591961,0.13002136192467717,0.0393168152429797,0.6716668874767587,0.39478592388142375,0.702107096222531,0.7536615363743223,0.7803150991554403,0.7698026544927611,0.052561409318447105,0.09552663370149572,0.45497579141764954,0.15472928825164334,0.5973629783498361,0.2918919994964828,0.5156337149913692,0.15318903412682694,0.6667324555564111,0.599638026461159,0.2221343744460511,0.16074891117356904,0.12067308121979137,0.7286897784819799,0.018001702965959265,0.3296231501790281,0.4962221802840663,0.8000033536783081,0.01121916073292184,0.45300823141672086,0.1389269345891393,0.35279676273082816,0.3295531455994871,0.10129113071781837,0.832511073948762,0.27686280651979367,0.14627030583583656,0.6731650945565718,0.5322553834267777,0.49613824895591885,0.6935738831458467,0.5411193535192479,0.7655312319670655,0.2670534163189585,0.6120734973078432,0.2511525315752453,0.2624870877627965,0.7446670286106039,0.5965254870265186,0.1958427591470162,0.15868132059639017,0.7424581739384091,0.1807555879892111,0.7953692991448007,0.5080239441222666,0.7264439547945144,0.767535241206014,0.31146626631844043,0.49676724292162644,0.8721301840200919,0.7181417691094776,0.9056015570350384,0.5022577591272225,BENIGN
0.16437532520609244,0.11242865275624592,0.03723851890347207,0.7230283302821956,0.80387010026926,0.04798767038800489,0.5179306507409628,0.8075616519884048,0.27550489843051273,0.1918779803839944,0.12984022311245313,0.5836435763217563,0.8741748190680363,0.6547650750747541,0.657688069345436,0.9458568735118996,0.40142140327503784,0.9322150062194824,0.3111499774129465,0.945674937769177,0.3715793876290411,0.4646368625478251,0.6080150989199152,0.3760178767037212,0.3858448170864719,0.9982667223596425,0.5617867445143925,0.3990450804421184,0.9433539098646879,0.8341849585491283,0.23248224213545665,0.2607742758979028,0.6401193884369487,0.6225522325263448,0.7355675689990686,0.2614075158374768,0.68512817927146,0.28616506319349844,0.673704475543318,0.9090697177434933,0.872085059708358,0.7847074917160359,0.17298717515867934,0.9338803828458001,0.2844869607668066,0.15587007950635945,0.2343311695743141,0.1376698824405891,0.9738377732783643,0.10248012291775888,0.728140820911862,0.7117927884532678,0.06108133129607618,0.6196372630362416,0.8930202520589628,0.2674158697075112,0.668532129130595,0.03271267259203403,0.666836879897944,0.19114665282957022,0.16981430361061856,0.6054693997432086,0.30517323989089706,0.3324213189473383,0.60392740672111,0.31217710537874743,0.6455791453478185,0.9671192999564213,0.107951551943399,0.1296803290651144,0.7425027310303102,0.7109527924955505,0.8177234526468656,0.11580370690428887,0.41689993750845467,0.5245645890480878,0.7123398504169345,0.733674321986588,0.3044497076500291,BENIGN
0.40673396470676904,0.7092625001813527,0.5742604107869531,0.9505774319618757,0.15248165984622386,0.33440003661010453,0.09345759995550418,0.11143438269868944,0.7985027561953187,0.6868416043110142,0.30751715742404984,0.9142562022636439,0.4725487412604076,0.8675721197015033,0.13152226577054005,0.048410407164765745,0.15353148726721888,0.5344543134576963,0.5709812164546368,0.40236302285334125,0.7721322542132776,0.6148714807029102,0.12633049918515926,0.3946784915399456,0.1189298012150396,0.4315975038237957,0.8907568962195997,0.16382777851257102,0.04009864444950262,0.3173294109572765,0.3253346248143639,0.9764075618253651,0.07468606690172908,0.9132584714204139,0.8481727372013496,0.10709320420543356,0.24196669700897255,0.8155797323505483,0.4546123983579109,0.521050552260469,0.2762542197210852,0.050344496363192714,0.3598679744427684,0.8686968486735596,0.13777444692834473,0.16787387015910693,0.29128562822006887,0.7736163857884625,0.18380329119506789,0.38933572104977854,0.8681971838790719,0.6404863446183454,0.09326380252659627,0.660630165007876,0.3454242102130607,0.6788536385685444,0.45433824898394115,0.2631679668527954,0.5907329482411434,0.1035645838054885,0.2473088873193363,0.779039640679673,0.8943865815929104,0.8339762439561864,0.5359669112636566,0.28041744594246876,0.738728380869358,0.7681515686189312,0.45123391150084835,0.6400275822061278,0.37519508849614147,0.7195825349882645,0.2314876166879325,0.7474233848121297,0.20958131700197546,0.15773755739075945,0.07493547850285232,0.6926534627900296,0.9066291892282262,BENIGN
0.1140177221913603,0.24659475269118902,0.5557947594241192,0.10783457822041242,0.9773589553198558,0.1842303433371033,0.5761064193819214,0.7033987508867315,0.5518599321023596,0.3311510487767113,0.033028865076474734,0.023304233159352816,0.32637106279758565,0.9915953004871685,0.701185660040108,0.09852116116607512,0.19464063325238923,0.5644728312421741,0.7682395208776278,0.2120086109684708,0.07769732468094981,0.48585829639620426,0.33124090523804284,0.2239010049363802,0.3517561135046572,0.45244997640487084,0.277655293542289,0.5305875530374625,0.5746486343423873,0.09453756497673516,0.7025048976196088,0.31509109099529553,0.8425110050051184,0.894601716632737,0.41484743876744457,0.23931965441079106,0.8373970067736857,0.6562301526296702,0.30058508670148343,0.3181505416275202,0.7205442320084313,0.5648784038860672,0.38949360734118044,0.21496211071318527,0.15309691236388623,0.4126310281315648,0.3462861547032713,0.6615795838954106,0.09599248525145554,0.11403259508069907,0.42123698544541655,0.8323165088011681,0.9357627371940663,0.7673552107793763,0.08187157361228481,0.17561552207374087,0.243242057824828,0.9749228038108112,0.18673345165809607,0.3053018510167821,0.21271342850274888,0.6736909734407932,0.9156118027484766,0.9307491408275878,0.3576585031016918,0.13690697668127694,0.4033493924516671,0.35335849902312066,0.4055042078398544,0.05063730346515771,0.8472882176096019,0.9406795304490411,0.42823013716101066,0.11701130257810222,0.9713035981982374,0.6021177321837016,0.18675376168608304,0.9033840064437072,0.9022986747366832,BENIGN
0.15929458614628556,0.19610154194835627,0.2956291352281132,0.9020854552107127,0.1744131326865378,0.7029831110891,0.9425668357450563,0.4145762486366219,0.044297402641761296,0.9698591414288614,0.7591232384392693,0.996459652366819,0.15612948301323482,0.21682760002498014,0.3766219250024174,0.38545776671874177,0.9802049083429039,0.6333624010241092,0.1522666363708466,0.8759117696596229,0.8289912769517519,0.8192087713264751,0.20741457594413504,0.36333131822011044,0.716661462795598,0.11112512406511132,0.5305567480545016,0.11648661710738195,0.5219854598779624,0.2826288831688256,0.9765607087241865,0.8449795694155185,0.9668332849442657,0.5503317130385815,0.07133834448716603,0.657051248341271,0.807771809626956,0.6753468034519644,0.44065817827636444,0.43989815714009506,0.15328431755930527,0.39764471847606253,0.7602078462346478,0.05230340939475564,0.29150727437309276,0.6098315113394478,0.5981924987073431,0.35828325606890155,0.6648230132667424,0.6948867854839579,0.09540178462021698,0.9573728921064472,0.6467330418580575,0.23608867193288785,0.297653558869173,0.5728936188192313,0.08863409677770206,0.9727772194976974,0.32037591814158894,0.6700147255493394,0.7735674077714387,0.834300435169543,0.3119591913954315,0.6823405212985199,0.2893494721580425,0.5519431125848715,0.555803188735643,0.8633357911980252,0.6981291754200123,0.6943505322525471,0.6773988253663824,0.5636579384320453,0.5825569593361661,0.17046487806151178,0.3782782912787802,0.3209193838876907,0.23012934540768304,0.3960770891651706,0.23572092798010125,BENIGN
0.32216682140500885,0.9453603643408731,0.6896013866620222,0.427449440990771,0.9406299396510612,0.7672678580152155,0.3574222295805868,0.8548747507839821,0.869155867380325,0.9829704858533028,0.3095633787941413,0.43251654971733855,0.0003989165698200514,0.8584993367798404,0.8917004740075825,0.7770277950481195,0.15542727852868188,0.4264531285962455,0.7332500545100322,0.008945320539805346,0.20678916022698401,0.0046847660234298205,0.20592786561047738,0.14180293157822466,0.2752176045537308,0.19891393631543697,0.4107666546647708,0.46508719439672286,0.3358219293745155,0.8069567369431911,0.23268810128007522,0.1813053064301534,0.16462214646598639,0.7265953841362006,0.9874179634173945,0.6880404077113423,0.5767135066892382,0.94576789979254,0.16233824481235548,0.6818792471680153,0.9191114508762095,0.33333674516585254,0.7947190964164905,0.13315804591615776,0.027437534472182334,0.515771872986404,0.9758177981724231,0.5695240918745418,0.39680479789735146,0.9126688702510672,0.17388550169356976,0.13738066316101216,0.9077732736853111,0.8897142331454694,0.2475138945099562,0.4613349213637544,0.18062073216581143,0.899704946644581,0.3692493085501879,0.6856486762077126,0.7496832716362054,0.7385974215775328,0.4322350514588096,0.1973450855633766,0.6088837064712211,0.6967485556012157,0.20334385724988024,0.4517481401246134,0.7561138932867949,0.28184891415374747,0.7963946676534588,0.08212306506144051,0.7657944708376894,0.046846323649716415,0.8347485871754374,0.010435675540812928,0.989313682821672,0.5076777623940764,0.26499731143641336,BENIGN
0.4060697880814309,0.2366323349447016,0.7738907225618205,0.4962191162539593,0.9043525146823477,0.6399419990896025,0.5225275525644216,0.19269661158181028,0.6515618785111525,0.2330248384716731,0.8790695975289561,0.1689480683750315,0.42427860133041506,0.6882993201872679,0.9959102692350185,0.4844685731264359,0.32968088919215865,0.9322233461845306,0.13660093370963844,0.4465306454199799,0.37339453606226947,0.9343249688202098,0.686440724356228,0.6035539779098759,0.10305957621136308,0.34900614182695144,0.12564563005255425,0.9848107563711868,0.16838649247585846,0.07871353240413037,0.1345855496496875,0.7220246731043399,0.3059970953960234,0.15538941805162365,0.39697622202451466,0.6583910477037208,0.056438010716362674,0.3263825896458601,0.8808476794226908,0.1974968752353219,0.681074782062398,0.8816235222836496,0.43138952317838686,0.5512301935028785,0.013783008163978927,0.0796973356945524,0.20504742855837976,0.00536101194758154,0.6742269557845275,0.7769458860016673,0.3369750684108602,0.4383543897280969,0.13407499680468749,0.23122138830232586,0.6027615465015906,0.547055627612235,0.9727296583287719,0.9286444091031949,0.4698349363505945,0.5120140178872373,0.6083443369394662,0.4973334825335455,0.8867495264021474,0.181770891200284,0.5674554642496529,0.4797311226669496,0.009362336676483785,0.8437401991792599,0.26609559167717645,0.4063955869917426,0.3417555069857675,0.7368142597890255,0.7691096668119066,0.2100483025596459,0.7096974898499705,0.03346055531585668,0.15772190463571956,0.5892993532161162,0.7144297091997535,BENIGN
0.07271834885918749,0.9151526467698718,0.42203309118528576,0.5967789848089724,0.6143619086907415,0.7419566508844501,0.39248815956179206,0.1458089638968888,0.4705844033745403,0.17851198454057715,0.34175129499846,0.6683205957684011,0.2869338885860063,0.15511158069716657,0.5628348184408098,0.8500751983058067,0.010923219459626488,0.1941666306327552,0.12333701360711147,0.6208296892907915,0.7949613392207677,0.637862513374091,0.781024097828164,0.8356348753129992,0.5017790430373457,0.8008174855532121,0.7011512704832182,0.9346521659203263,0.27895385122473226,0.4563960584347301,0.39879626461208495,0.5838991905320712,0.07190474756525977,0.5393541956092338,0.06768898994912032,0.9078120796271991,0.9278558228785015,0.7688886023692992,0.35473087755670707,0.8655262969433872,0.527524960874869,0.341977636247083,0.6316442733536968,0.08443695097945014,0.9446020971890735,0.0055918480282260985,0.6963990094538899,0.164265800679956,0.3384585196400689,0.36920084159237254,0.5377495023703401,0.7854221017210973,0.2957126901194437,0.3152813225813038,0.6894287688467997,0.2286074968257218,0.18565459632184678,0.7044263742872736,0.9739777627187094,0.5780303434867189,0.2923840880869216,0.1430671831712219,0.4959113128444296,0.9704535081128932,0.2781137194791815,0.3955881596346982,0.17287412617082232,0.6292087365912638,0.19949938872583495,0.8972225319236099,0.9035043114888556,0.31858131239631704,0.9018426058182374,0.9665540228055823,0.7393145122034925,0.9721840332743384,0.19086600639865847,0.9263576826319296,0.15910928307698846,BENIGN
0.07737373499801725,0.011364839695799489,0.7729986832435852,0.2504175045689653,0.058671998868656705,0.10853637537457539,0.35942465446880345,0.0856784256137515,0.9720977287375575,0.9742022789783997,0.483124540925969,0.01193316216061402,0.3625539829264347,0.9622782734701442,0.9790376819744742,0.3818738793767378,0.181834116223752,0.8930806962251342,0.0843352564930383,0.7811997448396816,0.6816724237739074,0.7797285802028083,0.46668241553634937,0.35217961415251664,0.34330157046101073,0.6567623623519623,0.23959719452688766,0.9260593350382893,0.26231879403696257,0.21186927207008888,0.7483660114482493,0.3438368166239294,0.6645109310198092,0.2879087259839267,0.0889011570853605,0.4639899745607252,0.6270251334555398,0.6552494771766108,0.332345446541351,0.4675433679367327,0.7417929916983139,0.9818197081227572,0.9481320333200848,0.9631482745006178,0.007623858282757023,0.31425354696509367,0.930208850226051,0.048224428713153356,0.05917208847796185,0.9423083729868376,0.07268116891247178,0.34451285069922655,0.6375844120647419,0.6426050128841215,0.35698694149549137,0.7571243145587857,0.1246243485568157,0.015004569908920518,0.43860240237633685,0.7333426477393717,0.43923794787156256,0.6374451851238923,0.6458895269178797,0.17273845927369225,0.10278319815951409,0.4186692573278805,0.8168794978200223,0.4069957155145272,0.37398357237043933,0.7024076901076622,0.8022639079186188,0.8133651202540974,0.624752473794313,0.45391631962714074,0.1144947326445167,0.44977956549653253,0.5915673846176283,0.14709412701254243,0.8430213305550261,BENIGN
0.006698230422094942,0.18046472014412895,0.727536998531177,0.8201576124193395,0.9844490601344922,0.18298943267383216,0.39090394889398716,0.4819132046714235,0.15750694739072602,0.46960364510883545,0.9393938799054963,0.9451648589906846,0.6268514085111218,0.402645233611873,0.817959477523755,0.6380761124055484,0.6729578731752721,0.35677212470437625,0.6498857262710672,0.5362285903690636,0.7256792020888928,0.5478818561865182,0.8351817536276317,0.15554725844999284,0.20320910304724882,0.5299721217380984,0.5205453920597204,0.8417706916811525,0.9181858639839658,0.18325145102066454,0.9708837337980957,0.11198511215881346,0.8807336990792145,0.22669195334760417,0.10422820154256596,0.9513159041775868,0.769043382257643,0.4449134250775598,0.0041819127316962135,0.7771142331159977,0.06761798658135498,0.6164948211053602,0.5016445806199459,0.9755244925173502,0.7547369162701517,0.24652978564036765,0.042193933051779764,0.4879947509142376,0.47564977510061457,0.13976763514123358,0.0764948358715497,0.8377061045417459,0.7515619643701473,0.9854051616931693,0.8834671192580191,0.7280987617086031,0.6731005761429742,0.7720786306049022,0.7652726270409392,0.4558709849111712,0.6432854294690141,0.5814081953865219,0.4897648156399249,0.36658754127047777,0.6845576516603492,0.11007271655152595,0.9743407926817913,0.007477090661294983,0.609543679230902,0.8467456052194519,0.27314756726238454,0.47440822569164065,0.28730112783221495,0.1713321010831963,0.5421070104876706,0.4428000625057099,0.9597572955919944,0.9847895459352027,0.02602931016446719,BENIGN
0.9643982866881773,0.829164322647317,0.9219839097636506,0.4255411470683119,0.08237945130396118,0.6913681626618566,0.6718653417813268,0.18246095276496632,0.13403137660068598,0.29759102962139106,0.3964980628860524,0.8306491706750537,0.9785417930316785,0.42210944846017673,0.48613391025832386,0.6706215336119121,0.15705252604080255,0.12192560031986843,0.7211924356668505,0.37690630767485367,0.14828373069050182,0.3339208760650815,0.4155844908226263,0.8149564089673228,0.23230926052230483,0.228234301979225,0.07798528621192302,0.553017764265742,0.5356902662715857,0.2188110496125144,0.2861314926343672,0.4158129773036545,0.8129406973646939,0.8589219451700879,0.7915311998774445,0.29165238048095343,0.3701972382763431,0.6843009207469541,0.7509788516707414,0.14621738560061648,0.5898860726347094,0.9648918981015583,0.8453448528196297,0.9698561942034393,0.7913917115431023,0.11237708224908483,0.07590552193383615,0.8224201417297228,0.39904438426663125,0.7823337227747986,0.997067983356439,0.39061299507836345,0.7575409879597363,0.07392805549828718,0.43573332755500827,0.9634966367351412,0.40318140287413906,0.1299239195259153,0.8515843514727528,0.9266810962656297,0.9997272894199445,0.5883637324796865,0.11218897605172684,0.6654991663843891,0.21952176751914565,0.8819097630119483,0.35982582719315037,0.09915958954439663,0.7848465143636735,0.027293941238829666,0.046846214395431574,0.9082916089187257,0.4214169092868695,0.4088165803372803,0.08512686250665447,0.10243073812689674,0.8739940259685555,0.35168416845520833,0.34442965013870774,BENIGN
0.7082844145533383,0.6290524162260829,0.1755569776427468,0.987424322467628,0.72389130302881,0.045449756248837625,0.788684025856611,0.5165523151846292,0.07596828430442992,0.8387939457784056,0.44983183377219604,0.17102526205915625,0.03503716186937422,0.11155547190475301,0.3754344424952083,0.028706346314959275,0.19181228432521524,0.045208331510554256,0.4105791828194446,0.7198854637519149,0.8971419238445758,0.8455963238773178,0.831747024077609,0.08497672200303608,0.7063784109827087,0.1729672003548539,0.16421658525250726,0.5621352029271741,0.1180936137761448,0.9732521083090354,0.14968539124402647,0.16409736083568727,0.6399213393700034,0.14076462804155065,0.13781063819071304,0.983315233361651,0.4846932179976402,0.45082303639173726,0.4625493259823874,0.012989746924823131,0.5882654089490315,0.5759786654620626,0.05247425525301186,0.9176151838975533,0.6661125732157813,0.06070641815122535,0.008918055843648576,0.0811361579959805,0.573553443678227,0.45825591425902423,0.687038779572268,0.9612175144320364,0.02739242020546262,0.8202177387689901,0.43442714013332917,0.07216057856096691,0.21253932272388232,0.09025443215570528,0.351426991223013,0.7140271887221421,0.23896695510508215,0.8677309704173193,0.6437651389911817,0.6974863416946753,0.8210828564232637,0.7806506317516375,0.7814664999571064,0.08341094828157847,0.9629885600538929,0.7346701565008537,0.18184051817696933,0.03920481468777126,0.6158760663198078,0.2855514180364278,0.7969938459875595,0.7658594487411868,0.8745125050183892,0.8929163932811993,0.07298250793500705,BENIGN
0.16204246966050917,0.6293854260795912,0.3647119780041198,0.6965088235505147,0.12470563095661735,0.8461866601685598,0.9668830773744727,0.05675190880893666,0.8756850798097598,0.28850736234890817,0.6290650447462578,0.9844938793388789,0.20954385902587502,0.9614880272942645,0.4625949653261502,0.9017004555891128,0.5888912309405268,0.1933522102421562,0.7819540286499683,0.6980558620018953,0.523915704351767,0.3164163712000647,0.13162768577282036,0.1111590357986123,0.9977258089038923,0.4934162681797942,0.8347307768348421,0.49055202815542354,0.5241587029755607,0.36465670318718557,0.746625322722984,0.6206880643967817,0.016881992011151925,0.8210374754277221,0.675439304246302,0.2594424364708976,0.7359147647585287,0.8417783941024723,0.9089246302010083,0.386535299794457,0.6029209169954504,0.24133073438560393,0.7886866296867883,0.08211400680200431,0.24565668086724224,0.48265098741347423,0.9453893949289307,0.4594800622968568,0.9316878405078021,0.8178149657137008,0.5810134492666962,0.8605245557748145,0.32261717185598415,0.20822627661857418,0.8595778348325199,0.274743350756411,0.07903402183184738,0.19927769294540387,0.7453073595008567,0.47590256304318235,0.5474033955231307,0.04542335795180752,0.4756539751651252,0.8854383031653622,0.532149806016958,0.8346416994276471,0.39826143885596443,0.9352397302340897,0.2109083061702698,0.20405570853565658,0.03202975108916106,0.32291835175415595,0.3344064367184283,0.8320462898392589,0.6635216273429331,0.10913212135539074,0.23721715966954804,0.15098861476549408,0.9956880601476181,BENIGN
0.537150940147221,0.55698081283156,0.6953883221463854,0.13863541975018234,0.4873029415540431,0.747818754638061,0.0719737684591506,0.404649675289664,0.698960112756078,0.34598890021419415,0.3643911704171755,0.7815089055676151,0.23885585710903,0.6861049431494849,0.6847066084827325,0.2758473467400643,0.4178134166566959,0.9967699482329323,0.09748657176722397,0.4063609656017836,0.563709234901717,0.03832533651866232,0.6906731919792912,0.39995611803245557,0.5620048983803823,0.1534099675891234,0.006430566806708171,0.10940868890615696,0.012522501063893854,0.9671107232604882,0.45685226293189374,0.7838228035804361,0.19232642464102168,0.750782977702795,0.5892270387418121,0.29609627177826703,0.9124390611018397,0.6739638906460916,0.4682850400572469,0.8549786948667151,0.9686500038689952,0.1896486400410088,0.9554210413417197,0.9304043519335977,0.10779915994656353,0.31970722367831284,0.027880650786050398,0.8782015148406924,0.7060659801173353,0.6403224096400977,0.44483911280074684,0.7367642693756415,0.7034744204831249,0.3737552337804052,0.6502638701656823,0.3123408904630086,0.7213465384190193,0.6347952516325557,0.9005776805467843,0.18218019501464255,0.14037788490498937,0.6843134932021602,0.3570735601720697,0.9050875285874159,0.2021769146495782,0.7259449647912019,0.16779419125910766,0.905490816688862,0.42388630569623653,0.6764808482656449,0.6773998493676578,0.07261975619857486,0.3517192495869993,0.6704352846683257,0.25411811230639836,0.9875515219255588,0.6803073773541095,0.7821767084831678,0.7899978641562638,BENIGN
0.314832464917856,0.8198451944466563,0.7748804902617854,0.3001723013948757,0.20677868892440965,0.7880440384382412,0.2229962206173065,0.7215427040362496,0.3982540321251171,0.037087969723431646,0.5992733622875374,0.616603815856611,0.0066501291537633955,0.8584444450541748,0.4450818139283348,0.34386603708754304,0.09528885133826726,0.8534742508274727,0.08234553349736762,0.5680096592765727,0.6321311907181668,0.4479159057133987,0.5215541199735286,0.895721327464341,0.3468723496013084,0.3517025651710234,0.9327883734158197,0.005456908563890139,0.874320949967599,0.048138318369979505,0.13207473621389776,0.34291203205735865,0.135298364913379,0.10640727920161241,0.7674234114454821,0.5028846144212274,0.3307374328536872,0.620239863492232,0.16625309816253298,0.5861733555960729,0.9903365732101332,0.24514071483033628,0.2131926360176275,0.8796371795005319,0.8571609604142163,0.7853029459285522,0.8080973539931736,0.767798925252749,0.16380159284365714,0.35602292064091023,0.04023321330837071,0.4884943292842332,0.36058277210747436,0.6557349259545725,0.8873536697002307,0.8382839965776174,0.8956643291934082,0.6123838052759293,0.8873973137406327,0.6068525110946884,0.6762394653587582,0.04351911782773088,0.347905824596913,0.27204504551174846,0.39213306138907433,0.7413505473658751,0.6616312988594968,0.5974334884858415,0.2755773744165134,0.4083014591361094,0.8730627707543352,0.14730470181161925,0.8604464160143732,0.9136601193417466,0.6752681548157665,0.31336970320864477,0.25443035970023453,0.9017879769437336,0.7742725970568809,BENIGN
0.779695136672002,0.29412429618995084,0.38329506750841247,0.679589715239681,0.4161389872846727,0.869642347903585,0.04928671719233513,0.851678676298747,0.6018803125146797,0.5305574786107986,0.5876674718836392,0.4314239068563116,0.3229445859317218,0.9517298329261725,0.30628006937855135,0.21049471410610976,0.4194429582140037,0.8861975096082769,0.4733885156880583,0.900526173228673,0.8508622806073014,0.5265940617274434,0.8420428778156364,0.1558563098494733,0.8464205827362208,0.35683614990724133,0.11751324023521326,0.8779477700838566,0.1405767909706801,0.7414548154298253,0.9621216603709692,0.331824006322055,0.7161926876851002,0.4317879519703093,0.14145542636493535,0.8022330992203941,0.263696749404412,0.5572477630095756,0.3567989422676734,0.45749955077728,0.8754843494687304,0.09774189183315962,0.2590524392126118,0.6839873488059249,0.9480794183356612,0.8194728753940321,0.28496666866433384,0.7526927443187845,0.6500090837928376,0.6631014750812305,0.0730154914451695,0.17154138728830648,0.8715679272817884,0.8310329669104136,0.8186549861592562,0.39017317167148935,0.9989443824495391,0.18963895350050608,0.15145386833080687,0.46702859563002175,0.6631417597136435,0.6613675157470217,0.7108144265259163,0.7103528731365443,0.9839788657158046,0.05330547670078878,0.3895876097010621,0.12529117013324131,0.5885292593936037,0.09546076226152078,0.21505110996516952,0.5933724042873916,0.735396695215137,0.47408912342696696,0.4653607232655743,0.24298489967744075,0.8172361962553158,0.9587254733219357,0.6438795691373596,BENIGN
0.4596439139978321,0.14883902452130904,0.8972361589523102,0.8221033086362077,0.18294348616171563,0.44546771238908445,0.39878147133921804,0.571352848428455,0.1637993666365335,0.9137091434790656,0.8819593642377794,0.27003066107685525,0.7637437871510094,0.41520041637986893,0.7273530640725344,0.3307506486536237,0.49380144746728916,0.5816079019157893,0.1180789135154593,0.10308277275231736,0.9217703766894998,0.9901371213910947,0.1272081934530589,0.5550020509781023,0.49621450352253194,0.2862429102626527,0.4413167112611005,0.6218887815786763,0.0557063462472388,0.26339580374795646,0.20806726173521228,0.5977738061939541,0.4130545015019623,0.7531598988154216,0.18025677043385147,0.8162543662509877,0.4353680598141806,0.5439347105707064,0.8059148499452053,0.0017048581198259027,0.0012800605190756986,0.9935505258372622,0.4021719461336801,0.8833070076563777,0.17165623262013774,0.5768343556459139,0.972672949742703,0.7637580423758402,0.8873801893740503,0.8130593132494096,0.827960448542939,0.9315540208126027,0.5541110526130331,0.8307547244898373,0.6262408966877865,0.5366116331630623,0.39398773905931805,0.41387608988069846,0.06887793707355161,0.7723138616105385,0.37144873782407295,0.7077905037335284,0.09633518734716295,0.30231702799770976,0.8782491124525775,0.7425555525099028,0.6377554777853679,0.1965014915401203,0.18419710553536894,0.5678631458767787,0.08301330466301238,0.5045426530437885,0.5902297489769748,0.6054036428084595,0.35570334655183544,0.0038119694549236804,0.7945527796116544,0.6835580059407491,0.8425388678918047,BENIGN
0.5778555053596856,0.04369036301299423,0.4380280883369876,0.4129167763839725,0.38729202286387376,0.510536589870695,0.9386992552970115,0.8827238822896717,0.5897856641055725,0.6907788155174873,0.6512200066876833,0.6728615731546537,0.5679463353189554,0.8355138008358457,0.3675821992924111,0.6559591440470174,0.19133528276433465,0.6112854946005127,0.08367636891954877,0.7156218825748474,0.08477422354439013,0.2999598882136121,0.51627498388165,0.7492119421594122,0.3751066542901417,0.2492344140301308,0.18286064056930673,0.7910242528789374,0.465353768233816,0.11122574471231295,0.9572762312915903,0.4565062003045812,0.8861171385769476,0.4241470499520449,0.9508974901853205,0.5227515299799979,0.982610505571631,0.7559147458417079,0.45613800638075463,0.17913964330952958,0.6228055350657082,0.23438991738673298,0.9539406764109568,0.4347696160024699,0.3560191790755145,0.12237551067866226,0.4775736991997328,0.9334546908698583,0.5041050108574986,0.9365160767076569,0.12672921368157808,0.30857640956870114,0.12241474608835146,0.7600755147447265,0.6794438498129483,0.818563908732894,0.7832876284788852,0.5926690332208638,0.4513994824798566,0.13804157288589902,0.925863200222048,0.4146255374827049,0.34341723240024935,0.9544301089643196,0.09369132280483661,0.035344054569038996,0.910677890746316,0.8893184693535784,0.5951676250625813,0.04513735076771952,0.39914069342244785,0.48744030397265947,0.44709768402724814,0.4920207378369116,0.13164396612402285,0.6085944572205889,0.2525779063216883,0.4869733808574557,0.0695090252546251,BENIGN
0.1719009543123251,0.8773655760054015,0.20617906067201963,0.18526507697531847,0.418442869089083,0.5868955682622281,0.4094463665232225,0.14413544714228677,0.0828149577827686,0.5333513276113201,0.5323888564533497,0.8348953696689151,0.5173513840443159,0.14094312250994934,0.8072609208088672,0.9450968632616796,0.3784175488268422,0.24608926674426446,0.6578605628650582,0.1321243334550135,0.11240976515594081,0.717264334012478,0.2445173051517635,0.5553207141780376,0.09322198347713762,0.45556850614965916,0.7948706604715698,0.09081185635929201,0.32367705134675573,0.7989783332172694,0.05467070224644188,0.454967397161519,0.8534832630384948,0.43771049430148146,0.5322014474387358,0.33061452169042116,0.1037780262988609,0.8753444630142738,0.9187499483513838,0.5219876513705434,0.2053561810888579,0.788546394224281,0.13524543834406155,0.33142010654359255,0.26252477546542363,0.04160906909002593,0.4602641498613298,0.6621609693427835,0.4323245356502662,0.38099889469561854,0.2607716955403171,0.6471544973502167,0.806661613496914,0.4844250381817097,0.9890445795456596,0.043301038763626565,0.1325210289124863,0.6965499662636675,0.5467750218790418,0.7982309444641416,0.8588803263388868,0.42898876520638696,0.8085105908383099,0.5648109734919076,0.1492949268995606,0.3730347881285424,0.24476156060837062,0.7535789281659964,0.3571065290219192,0.7470120008533823,0.11213484643640392,0.7382568374548737,0.013898954807275099,0.7743556988701704,0.9308698529620202,0.8396504056597751,0.5251068219555036,0.9092296128907306,0.8555589779844722,BENIGN
0.3149599794619067,0.2837246831106265,0.6022490858494309,0.3396235163618848,0.3399354172677278,0.9880250311291905,0.9782047621572013,0.16992673009009007,0.05856887214715778,0.04437381129893436,0.08240961827946991,0.4860236427958322,0.14981030222524716,0.38331455708037776,0.38080570064909125,0.7463959540737644,0.052182552371276225,0.44958406566988196,0.4342196780464981,0.37004413581628626,0.6118977576746697,0.8030552446743426,0.7221795960319299,0.1341684139534688,0.004101002899217887,0.5035232702778397,0.7678618308614051,0.8515994043814036,0.5287581124224312,0.0032782503171865374,0.8908899629486163,0.9729252096712521,0.3527065669327164,0.8145219208214574,0.560126692626283,0.6779665952919897,0.6065997159478144,0.4886667388722026,0.11257024150973227,0.008462622849745083,0.4325982546437761,0.5421928891559652,0.9638657439210521,0.9817636780381263,0.7476034920340444,0.4980570778836848,0.27034573466642164,0.6041072090872901,0.12146033914007626,0.14626164929550323,0.1718882505075059,0.02104367630989512,0.7717573981217163,0.5649443430923775,0.1200796912980372,0.751568529075419,0.6255423532291743,0.7690972137781197,0.14821723125142072,0.4577267893409298,0.9573346296797137,0.5022313887704761,0.3576350724982511,0.2721995784289989,0.9874055708685735,0.9433305489816372,0.3772112765229637,0.802097214860674,0.7395094427712516,0.6840362371279103,0.6116068502068083,0.9573768910667444,0.4270114241323848,0.02474981490129502,0.25096520738730776,0.9833787535243051,0.7574389634723293,0.07077490733907454,0.12148591420296173,BENIGN
0.10560298023495318,0.38103911417975334,0.6837658463859236,0.3826559342165756,0.618202046647876,0.015483528594366303,0.19351470991816488,0.741627262674013,0.4967294218563756,0.9732351879789907,0.18408135054231567,0.3585883871385419,0.09401420294785756,0.24264341421160596,0.36314890678082745,0.5625120937015942,0.25851932801042343,0.38167310885220185,0.828386518901066,0.7599822972932623,0.2198548573221777,0.46494581631680376,0.48791483006913994,0.0011889562464504344,0.6648061293847156,0.9018576924332579,0.009102429927863365,0.18329112451656382,0.7700449951084468,0.5587566699923083,0.39626179929175476,0.34638472054262226,0.9816949063665339,0.7384830324068832,0.41759143458566494,0.8520722760303588,0.4841969209467535,0.644987810285315,0.5136042808414976,0.9022294607252348,0.4814534106468761,0.2116370057717426,0.2908030749855216,0.05831039960206652,0.961269695690581,0.8504322155249873,0.8210862684445752,0.2795709499807091,0.06393873395329375,0.6081661377837305,0.6166447172359054,0.10072723608561263,0.8218604212696781,0.40246510899405286,0.7913437710650588,0.9697498195247735,0.7214304967670404,0.16512329534470904,0.43658657798491574,0.2850695127241145,0.14433116258803558,0.48539337893352885,0.402230625946027,0.5625845731889577,0.29061599219242606,0.11020077656347205,0.8523027918769892,0.5734133404705628,0.2635438140058437,0.693909418107984,0.7990149550191995,0.8390776255862596,0.8524973064846857,0.7045151180673657,0.03884301984477212,0.5283167777120892,0.3756247557941135,0.5888731972763748,0.6171132201853415,BENIGN
0.6709642183115938,0.7300531111508461,0.3638572214363863,0.8300912092850875,0.5433781358198558,0.032650318135273415,0.9693903615486134,0.3934457343445491,0.4705914075225167,0.7580671434588446,0.4818372701274606,0.7781315198904695,0.43112196864043306,0.3784217214651846,0.563086447073322,0.7214923301864763,0.22137774243615127,0.8397524028487309,0.5582396907350018,0.14828920342435437,0.5715357650228816,0.031686842598940834,0.7875564849801673,0.4751252491142486,0.2544097560672517,0.8031865264230145,0.1391799386644419,0.6746545599836701,0.9126145607693663,0.639958978295983,0.019448814181969754,0.5897050028271162,0.16538788113662783,0.7661676888034216,0.3447110989797523,0.3812389306313638,0.5421020200226021,0.2015572900493966,0.7952126730882678,0.6181709479761452,0.17978983265009874,0.34077419572848944,0.8641490481583919,0.34148786269516984,0.5957005283634382,0.44523980014293285,0.8254346499811446,0.8932273718970908,0.2566448929230757,0.7635048196791006,0.3471813665853787,0.6225770507643424,0.3013604866056526,0.6361871634940497,0.5383472871158473,0.9351037473740347,0.5815771147372854,0.3487215446154861,0.7982390200016912,0.4326857606141765,0.9894723425525529,0.925852807940324,0.050116812834891,0.24291292200104164,0.691544679184389,0.17192860067423343,0.015106336934078701,0.5885761859237493,0.9040987876745165,0.7478234975978211,0.39351814653218187,0.7895723518438761,0.919133890234154,0.716323546126235,0.7956721086588162,0.045097544485884655,0.8733010179258038,0.19028225495320694,0.6803365922135707,BENIGN
0.2702999503683796,0.5683446179493736,0.1870886931231831,0.03749201769876154,0.999615217226184,0.8196093912230462,0.7624362270162856,0.18970949117456293,0.27759220337501234,0.31363020115266305,0.26561931683983453,0.6003281145837491,0.3054281919057473,0.05322598648227728,0.791058846310215,0.1445420503183409,0.4850956503140186,0.6214250329679956,0.013613588928582776,0.35748329283914293,0.8673504635211164,0.6341406977074897,0.3933140225614049,0.660686481322507,0.8142142215663748,0.16031963697811136,0.41950969470109,0.9706718848977962,0.37187035138193936,0.6080025342899654,0.027401699826811066,0.7820443043689522,0.23226883052014313,0.4958244357948477,0.8523981841315269,0.5395764099343117,0.6748351921283857,0.17484611318773546,0.17171882752059708,0.81933904790466,0.402154754691166,0.024122870861881696,0.9128700757595778,0.6663695541289668,0.9559854571978134,0.647834413700236,0.5708117586348919,0.9913372742185974,0.4958155366200584,0.13076121764870297,0.3595153750094453,0.127115091079666,0.7165882269896648,0.9985346035609917,0.09486468319310604,0.2909787835759875,0.13450211219449937,0.07983769608107039,0.9071447321578314,0.2609609476195699,0.4534255095751628,0.8895748948002147,0.7702989774030261,0.7346141505628025,0.34908626550707333,0.3841256854398162,0.5728827108309339,0.9122686330692285,0.21872879813583057,0.5352716822368355,0.8853366642750758,0.8963240837892427,0.02345708738789709,0.10243847973900644,0.6378686914028675,0.014859065739668997,0.7697572480773762,0.2556159907767984,0.8702207826047575,BENIGN
0.32236918679001825,0.21379783740456237,0.14825367119956356,0.5259064425064031,0.49421151118921214,0.2574459040597131,0.9887703311589833,0.6269542491846494,0.2337603828798367,0.014151450927270104,0.5127700031807009,0.5157743541941574,0.16266011649486078,0.3283268424048884,0.33036440083325036,0.07390597698869805,0.3226585125377084,0.11155931450302914,0.20484979795035152,0.0618924462977718,0.5408730023545011,0.9125512953210775,0.6667827283398218,0.9066073777950524,0.7937635609442523,0.8780210280284585,0.9600088711104529,0.8225988125919741,0.010065062591334217,0.004768042978809728,0.661381000406136,0.387122471747675,0.3136741042964084,0.04365852388605984,0.361661462046457,0.9437013767652473,0.8745502535893929,0.5583061048284871,0.6269476117088374,0.14254100158545324,0.8659054947473184,0.8121399766303213,0.730712343737279,0.13038992078264566,0.30605741116097174,0.2748781781507237,0.9655561556955147,0.158480742799324,0.4368159235843284,0.460879245900754,0.6596082607515068,0.5483239544313301,0.39848759690135516,0.8259994583631484,0.1043117413831115,0.45973396029401203,0.44747895320131315,0.5027187943716909,0.47246658685071174,0.4984564186364038,0.6095307045328351,0.49711644995942295,0.32188623034955444,0.02393505261418616,0.061549184536761725,0.2195411195693463,0.7925801237117635,0.6191176467503194,0.8855728647547148,0.3786529122716451,0.9668350960892844,0.19394671739506242,0.15167067471299145,0.9384924379424876,0.6258005005068066,0.8391111686699282,0.48176950994371737,0.2224578309129055,0.4425456608916527,BENIGN
0.20637919047418374,0.8325291887635357,0.5885976374708574,0.864741447682419,0.704438264383983,0.3488027622783316,0.15078201163584493,0.5617822930362473,0.5371670381128612,0.9078245005689144,0.6527610422479917,0.09206719446664213,0.4917924588850966,0.03027578209250803,0.23564287024451713,0.5993060556487148,0.9260851134656508,0.03822331422077829,0.9389201729678418,0.335347481800671,0.5007723634268152,0.02790346926534104,0.27514219072053026,0.5813430911175236,0.417856978990217,0.7521736468764876,0.5992490866070019,0.23472992142510374,0.5975774787866351,0.7655512202662195,0.7517236173186687,0.30628316036153624,0.19568507118369227,0.9796510719257576,0.3377098283765465,0.22692585158716594,0.5138993796361073,0.2482062455282158,0.2471745274682049,0.61117682217835,0.7442575556186739,0.6588804399431313,0.8100548965672755,0.8866064806140957,0.8247600653449638,0.7682263380664899,0.5350596438266457,0.7488129189209933,0.33475377574685194,0.5794398600388784,0.7930352598797004,0.4737373764130972,0.6493567880566777,0.9267920967425783,0.185304316005099,0.31447201076167053,0.619963185011998,0.9962669721694813,0.7243957252551521,0.8061745836936635,0.4756334115899462,0.9289495378836415,0.5444449959616664,0.8126369565086679,0.15859807129216807,0.8015018192608141,0.43437503712101033,0.9593061767894778,0.3248719333973784,0.14976536769769755,0.700097131994996,0.65728728152217,0.11144142988211658,0.5177787492574252,0.6766328395470524,0.8587226058348117,0.32831931721409735,0.9543021226392847,0.01482162832027667,BENIGN
0.8356317566972536,0.9089937008570755,0.3053512549006705,0.0643807148223775,0.7930458839753831,0.4968303604114809,0.6180746014844752,0.6557141429373254,0.9631433087690237,0.001947962570306383,0.7910046933296868,0.3561673879455647,0.7349670523901858,0.49564604821318703,0.966529995139674,0.810392478747088,0.16061029526903903,0.48541989581005707,0.5497876721756813,0.6989647621083616,0.7333361248234046,0.6148201332660287,0.2014555036492488,0.6997270499358379,0.004245775880507563,0.2444662461852386,0.8422648648642556,0.009416830914290464,0.7890288279558482,0.475651156184106,0.15530874191847566,0.8558062645209459,0.23886660417626338,0.6597590923373577,0.6101440265475133,0.9613255326210587,0.13490438405149907,0.41146814157880784,0.1054177317062227,0.1744957609003922,0.05643648846228311,0.4238479622492213,0.26344342135747567,0.9465146901373443,0.8904909831846315,0.7946356157674236,0.2470084807365832,0.7693123859585345,0.13449908237100672,0.24663488633649777,0.9822234636475834,0.25251196084337557,0.6340015177847698,0.26152113167206437,0.5627592095475903,0.9003668712568124,0.9015037637505396,0.6896125966406621,0.6970129521586159,0.4647450677094803,0.9609586989931389,0.013318252016652932,0.2891070298589331,0.4355851916641208,0.8024760641609339,0.2813852520467792,0.41632080877039634,0.4147368361209095,0.2593564955800397,0.15991731285959887,0.3252729402743937,0.42711611704522245,0.815281208600352,0.19246806906604685,0.9589128102506699,0.5577537695305624,0.22807507682847972,0.024192317166178312,0.8158921753079468,BENIGN
0.8684120781637058,0.6983397740272482,0.1628170156333213,0.035425194170466634,0.9198952810710668,0.3169167785167416,0.8912993818677865,0.6369506355279383,0.478439007338892,0.695162343651051,0.03440076117002422,0.1213790114431822,0.8202739939962167,0.6282926872784331,0.5904669815079614,0.16356678568477023,0.905591997124405,0.3801924520291592,0.3498090286614354,0.8547142449619233,0.4199111218426905,0.8682424700649141,0.8619336320910335,0.27146954998667183,0.2980523480466364,0.6125325401730014,0.23205472152097328,0.6608498531987279,0.7479833064789132,0.7937187121778466,0.8058679472582706,0.06128438482513887,0.023698586898187157,0.4157475043333435,0.2109517558518439,0.11834867774653124,0.403361853497891,0.6257504021361148,0.0917884469765825,0.047822414722911266,0.42498257470176304,0.9124951381547015,0.3042740255702362,0.9486768042577333,0.7858022757620908,0.17185650019035248,0.9043153279941601,0.596447981767338,0.11485408088059623,0.013347972019586263,0.8382999744820038,0.5266811159091014,0.2842898793679344,0.8327077525042871,0.9975750051656996,0.48249243576695167,0.14353146310613873,0.8112683395414662,0.11883830120349048,0.36610301242400733,0.8915029024476506,0.4474615368058228,0.2618471113248144,0.9931028503457939,0.09377336652694146,0.4351548764969184,0.15717998329610272,0.7710238424677986,0.2891449290595175,0.3488082004897448,0.7183532118090716,0.05640316905400056,0.43445112587202117,0.8857269136095481,0.6773949623152128,0.5167550599783913,0.6971020899236742,0.4420606039411785,0.8909130783042175,BENIGN
0.8408166123779546,0.44573645070752343,0.26291346905103896,0.8127701819280976,0.44615831236065606,0.9789178446396635,0.09028580377761608,0.11624024632699548,0.37894459850610807,0.8637237051312862,0.3884869886604293,0.5383655364783521,0.9710595476407705,0.5246100653458936,0.9194707773736035,0.6421219868462412,0.13473437406382027,0.8655834128765353,0.409552112650839,0.8173222963724837,0.46335536467927296,0.704146816802219,0.3676423936508727,0.5311968019485285,0.1095780101292807,0.10328830213614337,0.4647715784885591,0.5976842907029992,0.360218988083833,0.8805591399241064,0.5868914736261442,0.5889790065376665,0.9644217928942732,0.8631266568814041,0.058234072124436764,0.5043802415476162,0.6221201292958634,0.06999598797739293,0.43176273754856553,0.4616968712806859,0.2115389903721463,0.33606702185377024,0.39352984600664886,0.9716951568155643,0.7052225886224291,0.8951942183911923,0.3321868899784909,0.03316120621830543,0.5817530129070323,0.8194249707554992,0.809425631099617,0.32928411888133724,0.8851769760555799,0.8642206047138847,0.11561996747151482,0.4846601559190121,0.3669351491159062,0.22782294998212071,0.8529767695329518,0.7085757329117346,0.5589170469586452,0.9481617435125494,0.06609530781128703,0.11096392501893182,0.5325862860410673,0.9760457507851236,0.639109928480673,0.2619121033560081,0.805529531971435,0.46298831213255665,0.7873837848952152,0.45611309620698526,0.6968980012720154,0.17864417204501493,0.6489365016089409,0.9314211061028191,0.8705203991522931,0.7545136261260094,0.22730309676014493,BENIGN
0.17881023138056984,0.5753001048098414,0.21804744919677044,0.4079468521335392,0.9785482423008134,0.44096435422119296,0.6849451035410955,0.6616214213843878,0.7232005326149756,0.7997414488423067,0.5119131652962841,0.9929557635009248,0.22597414956511597,0.3203061434290335,0.3398305121318551,0.18573318746664758,0.980383324062244,0.2724774829348171,0.7035304083930239,0.6360337639640372,0.7765254336286683,0.23361134536409434,0.3688150158210691,0.52313901295871,0.30371872559295376,0.8591788401634051,0.4163455229062991,0.8532496082093319,0.5936578700080126,0.13993385084271448,0.8412215215953395,0.6256760310752456,0.37718469804314025,0.8514716771293483,0.8944123903196458,0.42806487259715076,0.469201705778141,0.842041941471701,0.8046581618260952,0.2142057855469831,0.752046558089989,0.5447914197389689,0.05691928590056983,0.2911343076061158,0.24403969632716604,0.7961323732550005,0.47679083808420186,0.9545297364009959,0.15320402932658295,0.47360016808845873,0.2180000345705656,0.9800469482873226,0.3942462668611102,0.3588711809218752,0.6893232746447067,0.1428893256725856,0.8911391890396679,0.2625325106711641,0.2639108584566473,0.1059018777047146,0.3147211139438266,0.7424552971144404,0.4894495207491266,0.1155090474296675,0.09517982304738715,0.25221888544658055,0.5097523203807285,0.9281864392272443,0.7582443854557998,0.5429620356149988,0.06580482925788456,0.6855299039254484,0.8337275570016627,0.5874860855330973,0.7007239686783001,0.42814988038335056,0.14045982007326419,0.7049709776968279,0.20268113547920485,BENIGN
0.09722647437150678,0.7921587801608859,0.22574098137965415,0.5923855864137365,0.7514125230110571,0.38198112964402153,0.15580635082342487,0.7269731638764312,0.25678690270288684,0.7098148684938921,0.7912085757433904,0.3105823275588012,0.9021380812917019,0.07841580559230743,0.35379554025999604,0.17943543917353333,0.15229909574458267,0.9993232239270563,0.7379661574565173,0.6011067860318436,0.33155671052992375,0.5147914624884611,0.813943477014501,0.8384966382069907,0.9305216501154074,0.9132047494002237,0.9928036320729763,0.48196198055083395,0.8785800217744224,0.16347190265900347,0.09377611642590622,0.13697901814276314,0.574965510111558,0.4686580338897155,0.8806827557554687,0.4511930452789943,0.392061135299151,0.6610789382008494,0.36067530473157483,0.4679383487192832,0.8142207028666519,0.5819842796871167,0.6104015533770943,0.7499415993907671,0.4376480569660002,0.9298625661257649,0.026429866835479987,0.195284350807307,0.5100848701990017,0.7909817757406076,0.2505102106441023,0.2309687199724202,0.16415957791670777,0.39815636123086273,0.9289627330487348,0.8637042132697289,0.32757659739110334,0.42475061839348915,0.18667342628683603,0.23091759171322357,0.41999148190218194,0.7827946377166547,0.6770104648048036,0.9774730433164827,0.7888979049803398,0.2671338118369556,0.8013942902955945,0.49736135487408717,0.14711098241901033,0.8021920406505567,0.3667391604524133,0.7987770298318226,0.8113467029751963,0.24727221945593758,0.6897382888130054,0.3338298287102618,0.6641252827397904,0.8914812763362032,0.41105383898217984,BENIGN
0.10961406923236194,0.8429360566968293,0.6880499294755328,0.6737081899374409,0.9451598364959373,0.1886832127840259,0.26913180772759937,0.23296671896759202,0.24932936383582993,0.4063589524571739,0.7252579835137372,0.3146958330467644,0.02173732517932725,0.3874496078175763,0.37800187269935137,0.009396156547999968,0.9914938256350978,0.9970273087538067,0.6025581670093784,0.572012421990019,0.05970997755986729,0.3578084189315264,0.7628631699232162,0.8801907672892939,0.6574911789519043,0.9656637787537146,0.9698406991337691,0.8979419742351856,0.21161930305584664,0.6096283003424706,0.12148494894347528,0.7020097256718157,0.617745691322273,0.5025212940777486,0.8644056868759433,0.42728124221575015,0.6893430956500336,0.566648187427982,0.7339220039630342,0.9829737506277454,0.9516392563224139,0.7264758292371346,0.9978493246380061,0.28766842151501404,0.42001559150566503,0.36652648432198554,0.8798022591691432,0.915601413845287,0.35543955660220017,0.2141367111531528,0.289448395323593,0.6949630033365027,0.5897556710660533,0.02330321655190415,0.9909001598242276,0.7007458301993706,0.6190744363325497,0.17966753794167756,0.01148401525194942,0.5319160808415793,0.5758896421538428,0.040681169440811904,0.031215762125695767,0.6103345052923437,0.513248200320273,0.8117567477323291,0.4740978430389068,0.04916918288932093,0.04713597594180119,0.9594707398692168,0.49641915821789806,0.3346434112651441,0.8878623225072386,0.5024195804268986,0.15028637016292368,0.31954613330342985,0.7178318827093635,0.6581494029957151,0.49571701726054473,BENIGN
0.37648946308029185,0.24831547515455044,0.6476817061415244,0.4256216963089984,0.9481163657870565,0.27172998249530833,0.5758723942609314,0.4901564769966813,0.4972106728125282,0.6417847611712802,0.19485694076770177,0.8574708544711688,0.012311376171504573,0.3372164155633931,0.19877664386801686,0.9305745669518678,0.36885798407448467,0.20612682481402067,0.18509183298272147,0.8172177806443051,0.9371084704531832,0.612523646048006,0.7238282939694101,0.6876977215177217,0.44382920042292817,0.8248960845942073,0.19521068977299405,0.34431229804785235,0.555046220951761,0.7401606030892328,0.3270929671626399,0.4380263525202277,0.1461237009114129,0.9377330781537336,0.1389191131406674,0.6827144849572985,0.5601463423082401,0.39620266342379185,0.03080218203037499,0.5465885711067816,0.9267635929525357,0.9395181300318997,0.7637941358345157,0.5047391788029064,0.7348873065719757,0.2035285432705427,0.9904017906795769,0.15297202586613567,0.9518172473334169,0.7175318759543102,0.7470520443137557,0.42278663238707415,0.7110389350890429,0.005394618547786001,0.9065121295473961,0.5642200718064703,0.03548251383090828,0.8828247183787771,0.7001194222049534,0.661188813330472,0.6756080140963352,0.6237160879468759,0.5793912765032402,0.7896884766627973,0.7218244919164333,0.761131609316599,0.2823415903000661,0.8853981420053305,0.0972639237393702,0.2633166315649582,0.8248851052956983,0.5329228384863068,0.6343896578436595,0.2592700453892509,0.9782244720328364,0.4130698564626104,0.4456862635789719,0.9907999126318381,0.21996498967022937,BENIGN
0.4828697651895302,0.6959289249984931,0.4137770628102182,0.8484869488857241,0.7953746966637304,0.911130362274137,0.10121968417662197,0.6464663142771513,0.20732055691605755,0.22454150402394213,0.018103896209915038,0.6850232096656437,0.039658764280601666,0.1088130977626447,0.24069156742388098,0.2391558742563984,0.13940837065078537,0.4835334037934801,0.16570141023866702,0.7463740348270962,0.4791937970925315,0.7102128603498398,0.9078573543252072,0.736786397498065,0.6594985020414499,0.7221301719401528,0.45563780403785337,0.07189430683544928,0.405062092472973,0.1380407001384779,0.41515214258280764,0.12187817695452952,0.531727168546764,0.46541174936650165,0.582847291430781,0.9452954538835565,0.38624681397250815,0.7876263993616067,0.5141669751429129,0.8999411608892606,0.8597987255870956,0.886051079864786,0.5870641968968814,0.7810667376896939,0.3806713174854913,0.5926776326596508,0.24710651451315868,0.4394723914107246,0.9105223743051537,0.5877293769519916,0.28121198663390257,0.8050099782132051,0.8581228082888713,0.13929669718156368,0.9599615891403749,0.8236724563370912,0.5160280260586876,0.5257339105094365,0.9262756693304586,0.6638452705142861,0.7318519752188667,0.5333106873083913,0.9175429390128521,0.30861199154431584,0.3425791899434292,0.3370811163439912,0.7226760845598204,0.45404483786010374,0.6041486804240153,0.31965566177627813,0.14067702005998184,0.8319658625492772,0.25258328168862454,0.1798440803854472,0.5786776779417699,0.9824408656151933,0.15746668099704464,0.25809743702205523,0.7337628769446658,BENIGN
0.7857267214263762,0.03755127804756042,0.49766369174370473,0.2297343099889394,0.7597487867881078,0.8551528112286572,0.06187133297270153,0.3939011134490201,0.6359840243840955,0.7933135107948692,0.6228488832729361,0.929363562905285,0.038830684426201634,0.8637168224209314,0.45737427886074766,0.4383858479420162,0.4270940126324284,0.8039077122576906,0.840507832930469,0.6925158171712278,0.3439521277719958,0.12202976301579382,0.6812412592214001,0.5353584098355931,0.8389209326505499,0.09588250822851341,0.8252810692915864,0.39885614298065164,0.8666860510386932,0.2281939264420073,0.5993702116719344,0.7834884205915644,0.3377952386342742,0.208468703435172,0.32085164000776367,0.8342476299321764,0.38796634211088443,0.6161678104681761,0.3134833461112906,0.5433066200682,0.5436578145123602,0.3373303260909515,0.24570391723814344,0.5122708083869405,0.8361961990243233,0.3399862353882893,0.38084061717203643,0.3200763623030909,0.8326516456742427,0.7002969070513831,0.7194285124937698,0.5505932125315031,0.47461698935820673,0.6499029372100736,0.6730469812782699,0.4786793730584783,0.06697108199955992,0.5382637510672101,0.8066593366901275,0.1531587361348794,0.23053486249023647,0.7569744828470703,0.05381184562678232,0.6827602123147184,0.5729137380158673,0.34827132744674094,0.7066479567433399,0.07840034280494745,0.3653351775174104,0.357201521286413,0.04481989713176249,0.46238369180415384,0.07759549383915743,0.22615556553701743,0.7696037134603989,0.9527568171972571,0.6690104116456836,0.7657292029806587,0.1312348733049764,BENIGN
0.703930504769893,0.5622474498106995,0.8390288140775136,0.379814872151118,0.8107613803092898,0.648510749232208,0.31952363043244414,0.9642257445283657,0.6806573341488469,0.30763310731323845,0.3746872334509955,0.23473202392934056,0.3182434900607487,0.01626825753215877,0.5435248777068623,0.9154996163719282,0.9902857090851386,0.13689396195623338,0.9117363770225123,0.5077934360058739,0.4357885284681716,0.23085304607319823,0.9876250626029158,0.29341404602980115,0.0014937519154457624,0.7509892584431972,0.4495996356888322,0.5677509226906508,0.4191198468761469,0.4559532191881671,0.07854474401723066,0.9265134518899452,0.9308028126026892,0.5212882480595389,0.6895797453393523,0.9145587088283758,0.30212236105379664,0.6879429141820022,0.8979567328211701,0.6818731094856045,0.033455327843103566,0.12447141440635268,0.8031592229707846,0.3656403768943224,0.30896045894542046,0.2101409561955342,0.3861137271036976,0.05198931122957684,0.40738581943858065,0.6526852259809941,0.4730062077584045,0.17521684480949962,0.8409281062922394,0.059260594173748404,0.24155357096903018,0.18368263517008943,0.9251844588441378,0.42449534692011315,0.9751940059364825,0.20334218577756324,0.25169077918240945,0.7240500531873831,0.21450032900811133,0.6127733786338232,0.921315276512306,0.7857159378747827,0.6079420747419656,0.052585166837022745,0.6684024976762445,0.8352473970135915,0.4164347960461282,0.34665279939959526,0.6570124967278468,0.7313845394092555,0.746332103115416,0.8645573333289037,0.43280204568047176,0.6607040381758074,0.7533163280910824,BENIGN
0.8524688628805223,0.8915672938990823,0.8763371309528128,0.33592142840058214,0.22547591797814914,0.7575944674667044,0.1549727882068611,0.40350662987258523,0.04851272270499185,0.10547554597569941,0.12067721539698228,0.8364868349348284,0.6403756057005004,0.2255153006667816,0.059020778875758184,0.32187931327013064,0.169279783312828,0.3880794374382003,0.331848926919572,0.23253109865163357,0.3419227507741911,0.5073683977062746,0.07430957011965555,0.02723672374998254,0.009234500651170707,0.1932224164788484,0.1190689543072675,0.2634812868783626,0.9764852556003473,0.15130494159062935,0.9384645848751324,0.3621882861179777,0.08357814897726235,0.1634343480713344,0.6037768324251085,0.6334477940022144,0.39558491000678353,0.7530424970346038,0.9290690296025357,0.28245443520947755,0.4849468617765271,0.6039811044189173,0.4416839767845161,0.3802648094652238,0.7793717296179552,0.5964164234172732,0.46901169886066363,0.008763398424627589,0.40140430620843526,0.4157921254289745,0.8315266046442962,0.43785026626554724,0.6485328026859352,0.322647659718017,0.8110960083278742,0.10784999419142782,0.9005176268085785,0.15449333333198156,0.9393542518475243,0.6665573842810861,0.7768149857698025,0.6541380220653115,0.6555526004180356,0.199221512395643,0.06921368861756094,0.4882386618193393,0.25117241621530173,0.25713623146085973,0.8941285900976893,0.44890417660127946,0.5295476403670973,0.4451719602003652,0.060039106811866305,0.6820926913789181,0.036899262723424586,0.69122560486881,0.5405073663764469,0.5788821128367764,0.30044187673782696,BENIGN
0.791499248089526,0.29900795665529356,0.026302446396674783,0.024287516266074505,0.12454609714235199,0.754775653584549,0.717196126488312,0.662387045423091,0.28361029846608743,0.9055604309382661,0.22883908291823707,0.653894511761676,0.6431264803691112,0.5582661663710217,0.5064703001608618,0.2527730759667707,0.8528458586442382,0.2454963090976784,0.8002906814797646,0.5329499534830315,0.08864239751768488,0.5045768057095087,0.525097562080621,0.7816408709896803,0.4784245559450787,0.4797507348432193,0.008498643719322851,0.8342647217662057,0.9125306969509082,0.9305986123856198,0.3029945915940052,0.9361415476481202,0.6952564282702047,0.006543228394967571,0.7655002038117313,0.3841820701026719,0.5819048762357728,0.2575557976077033,0.5833394356698096,0.9603787642357365,0.7942436692905857,0.04994555697398784,0.36125375137354065,0.7702988619375377,0.08871596829117834,0.5728316799663464,0.7040669752257815,0.09942598211078313,0.7345417441661841,0.8318779545070079,0.3554776390719506,0.4473511977916069,0.8553322227118251,0.13875690790852768,0.5915446404923947,0.6198556739303044,0.23425090915242142,0.7548356859038001,0.30847819213397065,0.34469666567959667,0.4929655667500896,0.625428616397688,0.794277811363912,0.8721350210365167,0.13772244472734474,0.017346308808174893,0.36517704516174454,0.5317498774174567,0.1383541577409122,0.32539392076805607,0.11399426817835567,0.28348343921235497,0.974479173231549,0.37577848900378674,0.3258337144446798,0.15526794667112165,0.22641716388742072,0.09968980537756134,0.05004775344638446,BENIGN
0.22844728070489684,0.9251728312678883,0.7350135815345896,0.49437496998665476,0.33133885927780693,0.8892515335062636,0.3302993252821451,0.10614991897105597,0.6328348493631568,0.9787613480859767,0.3106357447697089,0.35480564637307677,0.4543358795425043,0.9015217124814,0.5945340060617971,0.13312955568227158,0.20529186123065157,0.2701784654442787,0.3700501748664977,0.6614153618118093,0.3302056000659852,0.8530429784078747,0.37647943450541865,0.5872582544135185,0.3168655248879275,0.7047047429309526,0.40276324105348993,0.07092557659101395,0.5897083285013706,0.5716534644122009,0.1955973727242296,0.3601215929343409,0.0844919739606218,0.04569707306433313,0.34491873708184595,0.8762484622497316,0.2085282870488635,0.8091169999485575,0.5147645994017841,0.08639436812902801,0.4852573600583223,0.4997943919249751,0.6045288999547179,0.755902065418361,0.7152044185024402,0.20762568605481957,0.27651576488826957,0.36720904847074876,0.4266537278690289,0.7063543615324096,0.272755914268739,0.16211777962651297,0.9930459823531872,0.4447362824055181,0.9564321469906493,0.8407896146614184,0.4785467496508614,0.3940496530978712,0.6938399493989579,0.193388067004594,0.4668416016487231,0.07390297393772449,0.225488738513556,0.1677583682558177,0.539544228789467,0.03774871735983065,0.39642214859623726,0.016312497507605328,0.8204741773062728,0.09784238673518986,0.18325971721475076,0.3569891640943522,0.09516825933434436,0.18975184724961425,0.25361160865540266,0.2795894057909655,0.8312171338446095,0.5114265345547978,0.3573680008749548,BENIGN
0.46907405324819174,0.6211160705112833,0.9548225675204486,0.5349366462642079,0.4494951446319776,0.9293250146447742,0.9367966713219585,0.9901300646281179,0.3441630344903829,0.3086186300135286,0.7899029026763139,0.2783870504474203,0.1644358587476331,0.44865681923586587,0.4745627353448335,0.9610619036309798,0.5834931357084289,0.6357648667862524,0.7577341946706909,0.935366202495041,0.2813747770107745,0.7284622275394183,0.10363866714529169,0.812324706463915,0.688093141896927,0.31741181234358795,0.10751369567084967,0.6996881318733431,0.7971193355186443,0.7932980441603275,0.6772401457634202,0.76306380142169,0.2593336080169848,0.9203172536358033,0.3567539447497685,0.244060570597874,0.9504074674575154,0.3743539186344075,0.6207716530699128,0.44351260770378065,0.8020376235946488,0.5736670144944926,0.6608009064368771,0.3138549401580062,0.7920568330048304,0.1903669286450026,0.30621619748189344,0.4930967062353133,0.04323203804964504,0.06224968412133047,0.6508662893247715,0.997763696093328,0.4637330154874666,0.010795972906800455,0.5741419837616377,0.381999491968643,0.0525177567333609,0.5344866776951823,0.49353612392616375,0.22292293787146888,0.8070536644441841,0.3553447311630237,0.5369648650423963,0.8564846844129392,0.0359994748356649,0.09466730206364604,0.3814725925699699,0.3819673666069012,0.24894505291551605,0.36731473119933167,0.36212096742960553,0.20280367728975446,0.49251553393545355,0.9177414001930313,0.5951807692132757,0.5337179986309741,0.9566264221730412,0.297002052905762,0.8911416869514349,BENIGN
0.5381012109333836,0.9933204201744588,0.6722064803223816,0.7462145237958757,0.26912099103169773,0.568905452756686,0.09352768245164844,0.11700176357069825,0.25878676275129053,0.16593231900676098,0.29297039911527845,0.6866093086031696,0.9596453083385142,0.15021695236445787,0.09031529009161376,0.6183577491787207,0.27744198586735835,0.6083313899370112,0.3379761846041678,0.9920738366422092,0.15182127275618496,0.2043537930621352,0.645195956240745,0.8605948826233405,0.7499052366381161,0.9629591762460676,0.8529957168415532,0.15188294719039108,0.5109495500884575,0.5722520640067861,0.8120097495078793,0.1097092102928694,0.11204477424740866,0.7757309562705195,0.22804099844565917,0.9137411665005543,0.3126875799754728,0.6065894171525975,0.002937909354335577,0.8278045346471935,0.7859069817702528,0.4321479189765792,0.9543858242015301,0.13070294770684487,0.027895416254486105,0.2526585188846673,0.9949435351219337,0.46886086494002865,0.9050861044235909,0.3402481086579223,0.16904112195377285,0.4119038084543144,0.6741779274447929,0.39060518635627406,0.11121409863138221,0.4895030370690123,0.14768369157165329,0.7519017469119553,0.5019469984554012,0.5695518491685887,0.23452776457130198,0.901379100490181,0.8912395501266872,0.8398725610710225,0.048643544296722574,0.13493731964876032,0.6411004013482428,0.13679619373527863,0.9619790554658687,0.3003337174414854,0.32061067345482086,0.7492807712715094,0.7021896243758777,0.4495592564294084,0.5791483744818854,0.6870525321716128,0.6517356891289341,0.5766034309324664,0.4510618663248903,BENIGN
0.9363863370825167,0.32232807317693113,0.6560403849662759,0.16579595774775235,0.608866008607443,0.35626837093245345,0.04407627383209123,0.298044936220644,0.9834911829005273,0.1522672855825563,0.5012574234827305,0.2676069639767662,0.4766503725072426,0.5717926508853436,0.1845627182548103,0.7739255971192879,0.6191050669615235,0.2590918341614723,0.27779757402082494,0.8774820079269662,0.7274159953782164,0.549428067374023,0.4949808394013976,0.5329687475807486,0.6742815832238553,0.49479265408576845,0.34866552214382784,0.4852096833042199,0.21046999336500183,0.7064362383141558,0.581051296372383,0.49164519598829604,0.9144816391338122,0.17622052960538825,0.6042303413656045,0.02045585469925648,0.1718114483071621,0.8088386443827447,0.3153905819838523,0.31248057969033605,0.25327409545503576,0.05525779962545252,0.786564348780721,0.05440143465737535,0.776868568634252,0.6806554403672551,0.16848049436576729,0.5429551373209041,0.6870525811807489,0.8396120066245603,0.4011432227269207,0.6153489023422832,0.5241206884808806,0.6484074494942761,0.8714119384046453,0.598171235192136,0.5967394477737253,0.21947218582354722,0.4868262759880655,0.19124422152346965,0.3192048063855093,0.8103272356336615,0.5230923111900999,0.06020390279629284,0.867294757177499,0.6577759998755083,0.2508286104723464,0.4761325010789135,0.33564881481462383,0.30782832601781085,0.6042053899912466,0.9512283097884404,0.3639682251180607,0.34510617147614375,0.161250028570471,0.7200733058272751,0.39081410785312176,0.3736593652469188,0.6620741938314272,BENIGN
0.012913801485475496,0.4611412637744223,0.5288075626694744,0.3022618281383799,0.41676420613263154,0.07761875150003428,0.7070593006416243,0.45591135742750166,0.5199650229177466,0.6131032543561025,0.0778585745610848,0.3829146540509334,0.12067069372776773,0.36383452394105875,0.8330697371942155,0.03355579665896269,0.8722691569426778,0.9771915191162436,0.3205740183113741,0.14902037931112144,0.7704269629244048,0.7025108129251182,0.9139773602302879,0.7488556811587626,0.46861909593676876,0.7150483242834882,0.9236982917577423,0.39678298105054766,0.8913797603134586,0.06605207301020743,0.7830932372989747,0.8090985380968434,0.17586692605991883,0.7415183720072561,0.9060658650057195,0.192867719105971,0.20542423425665102,0.5474133456843792,0.7929193165897208,0.7186285712278413,0.13241399626914174,0.286457716859546,0.14829015017377434,0.44127054863311166,0.15847111952344595,0.6908449722919912,0.16867711406311625,0.9494141369355639,0.2493761615522323,0.00017762077685079536,0.6755267510028345,0.5917962348386507,0.14121865954621415,0.8226836010384132,0.37014126502237155,0.5971061800954074,0.5989196962761514,0.2732985673089835,0.0965856630071602,0.9490629292744821,0.9081534594483596,0.39906230806511456,0.937841975141779,0.24010826984257017,0.1139752937190468,0.8924678381866366,0.37678370208429324,0.8597598865413058,0.30600888049837627,0.006066481913302502,0.20366992985220445,0.34517089442093574,0.6366122893626455,0.41944365417980123,0.6513798152800364,0.39751605034990056,0.9867248244032197,0.22743610182307028,0.3954312855502632,BENIGN
0.9087093226246538,0.2703245869135078,0.921619549138387,0.1177712229331842,0.23977193666359842,0.5607828939445931,0.15635643675928967,0.5439801877042082,0.7924914650767824,0.11931770532656494,0.3421350535818516,0.9499132650619745,0.9554638903619077,0.7184914194635958,0.1815067925436875,0.6524244291914769,0.7351661781947376,0.4933307239061374,0.06051516958691672,0.033080616636207094,0.30094029253245425,0.6461165612807446,0.7609240376928317,0.4567094647177494,0.15176322177066992,0.815565388467765,0.2597485419410369,0.027712426772762422,0.527789619133325,0.5302539823501583,0.19331398015848622,0.7685223451175194,0.2171336784996014,0.011028461669135847,0.007027787605521141,0.8366559931496099,0.3092514480143117,0.6357671479436544,0.2704468629428417,0.10151766332184753,0.42816203514510853,0.06432336247777082,0.9770839228875411,0.613480259184979,0.917755878038039,0.7193968553732046,0.7172480392738377,0.34754806376933556,0.5630795349417151,0.35849896570955864,0.14849661104859646,0.7386161081534226,0.37217541433223145,0.8545439905853345,0.5053859704973875,0.7557519048671272,0.4051310380481211,0.742560331712504,0.27697203094223777,0.23561324405955641,0.5022941147129868,0.2133086050259515,0.37951042080856223,0.4754593261539193,0.9350898091487662,0.23177970999474273,0.6686593090175429,0.27364641979300897,0.8006942471131483,0.4460283720495829,0.45559498454490244,0.3025110619077249,0.5111099774018082,0.9444163969449594,0.9499953822108357,0.06915157449935694,0.5413095317076789,0.41790220505655773,0.4757217623785813,BENIGN
0.17001902584269668,0.9575228008507901,0.548988173271804,0.280075885690222,0.3957679037393851,0.7941819026812978,0.8273590430024437,0.08171033472458966,0.8089999170478758,0.9426230197881211,0.5756703635425614,0.9244018337239228,0.40202946030281095,0.16289833058213876,0.1456107339685515,0.4456707222058245,0.2700608427712209,0.444057200300605,0.5390374459237671,0.7454603796238505,0.24606836378503982,0.9618158027458958,0.68951403984624,0.8602173969863162,0.1904338687848981,0.8443433158387127,0.0019294025883018762,0.7507838030524714,0.5548974249522202,0.47433017357664176,0.6325990799640657,0.14320664965924934,0.294259780154264,0.6550021286850353,0.34880799586404887,0.1225466446305502,0.2646198666034669,0.6301503214527958,0.9152411747429697,0.225061736418811,0.9985069637662938,0.3989039276563352,0.5722149304179115,0.15531860454510515,0.5068523474864163,0.11969064853373246,0.40888725041493834,0.38092428631216224,0.15707831334712685,0.4862943720401528,0.6348449475660461,0.7924053895652022,0.2649977321189384,0.9852138381586794,0.619501102219909,0.26609535498056247,0.2730335719490504,0.16026625571892106,0.19443033221068529,0.06858667081757541,0.29713177514989897,0.9281842804600182,0.6707700054955683,0.463444380458759,0.6548725077740677,0.34605111244409337,0.9713257777823086,0.5086547214953218,0.41830756961319027,0.1767413835132463,0.9135180830963832,0.20644700079130962,0.9568451531478314,0.6979028616344035,0.148896834547101,0.4674232221650466,0.034173177581901415,0.9344352174745095,0.5974309352581647,BENIGN
0.20798852117968614,0.499731198714079,0.4716751131561462,0.3902766152366469,0.13933576708209938,0.12747987623095947,0.4111527584109622,0.6052200527122072,0.030820533805008266,0.6954073493839645,0.8157951339116716,0.05574495055063067,0.26235539829506604,0.16687579579129985,0.9190559270392932,0.541067179033327,0.19662076514507798,0.6025789054549882,0.3876469370767839,0.5051745651276326,0.6459458777255449,0.36245317604259475,0.4904889938482302,0.49330960526773493,0.8259748722789854,0.14008303846085268,0.9014004103718906,0.7050511274020493,0.9654479223562746,0.1298114166366623,0.9326838966471861,0.7066117283851565,0.3560298258279596,0.9743112198615136,0.039905809366887035,0.32174737399308306,0.6242461048434041,0.7538780227472028,0.5866290487701691,0.15743346087467325,0.2792244183708933,0.8260312123339584,0.7181389645464219,0.653308257482881,0.21441981359673512,0.2150742855990636,0.31180979593053815,0.7986632195234871,0.8350375835395081,0.03877473408856025,0.8650659705242251,0.20455265738831374,0.1752779878270242,0.5960374578234917,0.47275406380500584,0.037438800131371686,0.9026102733905552,0.5590120714522151,0.31370011624694716,0.8328127384310744,0.2469443124213344,0.6072922383693664,0.6855864281720382,0.8601723314615896,0.6706200837389293,0.19880190888505866,0.9136980123781219,0.5883778643860125,0.24139688642561152,0.5633334203782714,0.44588122606819014,0.5206843519755313,0.07347731443893324,0.9256019987921257,0.9047356038134596,0.9664368897142306,0.06588708064144189,0.08423983671055901,0.9512622839604459,BENIGN
0.2530124176973264,0.30517282284262515,0.70054920892903,0.7404523371841704,0.9240419728493826,0.8383845620627101,0.771407781996253,0.18346739521127398,0.18106428994354318,0.5945928441821262,0.23812875040837955,0.7744467086925532,0.4193880046723246,0.2761503789741815,0.41164859653324537,0.8030728713288924,0.727328192727651,0.3867401955916382,0.09016888090014819,0.8826024340547644,0.8564961744673345,0.27552659369263743,0.2688505958477607,0.09681485553764502,0.8113116203057,0.028008924398926882,0.04225539432213421,0.8270260643571229,0.15426810702492333,0.6805092988083399,0.9339805260314343,0.6669529670744786,0.17661159354934608,0.7990355842887797,0.8907874388114794,0.056109026741572476,0.46148862169310423,0.943881106706293,0.1535497633393076,0.9192379653559809,0.21422858865587457,0.41985840186062184,0.6186011175076814,0.5743552369383021,0.9170746997071547,0.042784180133557004,0.8303745118062652,0.7738299723904303,0.07069719743518099,0.8328365721192058,0.9690650259390344,0.8030159357687711,0.5419334432491941,0.7703122977646002,0.03740556704168141,0.00798528003847665,0.3368388261845454,0.43214087395063205,0.11549199957418776,0.10877995284007969,0.9788880481466247,0.6269024929375505,0.9941695505468743,0.40797450582227224,0.5225276348431297,0.3576357406280031,0.6590823007028789,0.6780072569489091,0.6762764687216775,0.39452523927473215,0.8569560220055417,0.9481456372286579,0.779955922494055,0.1938462382060553,0.4094764135675084,0.07366801063913353,0.8477011000305406,0.5319003140272242,0.5254052566547437,BENIGN
0.9894494912392149,0.4500179760946158,0.8911401276311052,0.6803592106361388,0.6941963578022565,0.9409632594299823,0.17110678631029785,0.6314069697272958,0.5567818755793589,0.10182022612382591,0.394413646551933,0.7053805106868865,0.04844859392251921,0.2371791109596908,0.6193971096613231,0.33105831482534576,0.8526370805396252,0.6031961904903627,0.6649589456761803,0.8231888081826826,0.6308242719025868,0.49382954816463887,0.5114538518212384,0.8800208433744074,0.6550238233202053,0.9659556486037678,0.8883915299422126,0.6382285851825876,0.3481889207318897,0.5822358647759223,0.48013316605917533,0.3137251250287759,0.8536200475304492,0.5642298708874897,0.29100497931651015,0.4422612466848268,0.07720104291654573,0.0501289417649905,0.8772140916101814,0.1417593786910022,0.8291484413546297,0.6768544323242269,0.4872127403934171,0.3454525907408176,0.6466088224225863,0.2748449127671131,0.6636710151536928,0.024385070780712614,0.7831896447948159,0.3492914441144239,0.25630327270590825,0.5326527263168029,0.20508334265883732,0.19986967080296125,0.7160506562032275,0.5394081118845435,0.7658924285530595,0.5560643102068057,0.5813597270604636,0.8076847746272829,0.9144112639251002,0.9244289785687057,0.5729903179146856,0.7655505879406832,0.821898385390996,0.41731177038575595,0.9556597895023142,0.6435534018466219,0.7769965109507107,0.1270690390344823,0.5014314505080091,0.03122220657627639,0.4777074450346015,0.5170404460336236,0.9197039803050404,0.44226764802039975,0.1332751062615526,0.09400013252245365,0.17557879045727975,BENIGN
0.4463415108410461,0.42678531427749145,0.04107080672529739,0.8574481274488504,0.2570521405912013,0.3147839250822402,0.7969839718035334,0.5342950236285706,0.23293238585219767,0.21946024339361814,0.3146932476109191,0.024099193049037293,0.7237994179076,0.5675596061140916,0.8245606550178547,0.39512288144247376,0.34029494445398056,0.23147014504862296,0.5067922192508144,0.534738062916014,0.9062925196522315,0.530852950244885,0.0823588720100481,0.37369887327345164,0.07378119006207517,0.030333105935117843,0.8557467772353116,0.9971261763094815,0.5752377781445123,0.7600633212171588,0.2242961158017649,0.951566260326117,0.05110220462511683,0.48415295279773507,0.73588525100648,0.7691480671070717,0.7420677080209228,0.47915857624580627,0.7069032950577776,0.3533297178752207,0.8645251231803656,0.20509808554893982,0.5129856187425939,0.19625072918883268,0.5181610065573724,0.6747074115269851,0.265157638763443,0.5596974922983365,0.12757221445615052,0.4995261923528388,0.6401635029378703,0.6588644002383783,0.9951017701111637,0.5783852883952488,0.6147989252792054,0.6855454488094047,0.4216763418573146,0.5699375250787124,0.21485898974798756,0.1369204609279947,0.7677157564478332,0.02542574919148488,0.6420816366471157,0.5547477175640063,0.7196674155502226,0.7545494612243825,0.7632058316788686,0.0014910008766828575,0.4266519750855118,0.30488764753174236,0.6143208732673322,0.35108605154635,0.9015214608651261,0.47058885172289777,0.9989461217987797,0.7128708933967294,0.342908198932795,0.9207373415013513,0.9480851542034561,BENIGN
0.6966608689251551,0.5331914369352257,0.7855378072342284,0.7483876192260014,0.12737013209919423,0.39203498482189403,0.9133692055556016,0.050099531909503336,0.9682170931128261,0.49041181023334657,0.9134355163566775,0.97279553711778,0.7161716167461559,0.46161780593097057,0.4345597495133494,0.7344257611389693,0.5153905108581256,0.3787818274182554,0.6369445761856609,0.47277346511799945,0.13709970003598038,0.5379045981166114,0.1443087453754771,0.6461492927249551,0.9545566936667667,0.4120988578391559,0.31302896090400323,0.2519408020687912,0.9906463179387991,0.415338329179918,0.7127608640366713,0.18303213077207448,0.6233468326675454,0.7972367388676317,0.6782899727423733,0.9521733915279318,0.5584333145505802,0.6581856651208585,0.1434613192616896,0.32091329301745886,0.2584985690349826,0.35314206875413245,0.17652363309844255,0.9268741023100519,0.8402223384232561,0.14330234137362396,0.14528937022995547,0.5494958936987389,0.17348764327382815,0.3207273849544148,0.040666224350472624,0.3928846237406687,0.24320821393018643,0.07140140857064037,0.005558498497455822,0.10262047553233622,0.3121251967595644,0.5295394710873409,0.9754084357458176,0.3172234869402156,0.028654662123208996,0.30282388451571063,0.8821996605084408,0.8285766439743504,0.3234532640725669,0.21144279822330225,0.38778249008928,0.9252831418347347,0.9984080013201118,0.8070899659369365,0.9155316486615622,0.7005850635713079,0.6311176150094092,0.8837749469253421,0.8678734677960581,0.3686919844842328,0.3753274287550773,0.8175038993219637,0.31453141105375615,BENIGN
0.4583446460352467,0.3167924943711936,0.920339898749126,0.5044888485883721,0.6154977836348168,0.45904752912950764,0.46992248401075376,0.47379678959978644,0.2858508678368349,0.5809267290233101,0.12767587975927563,0.16851028529512946,0.1710354247007425,0.8663722011637961,0.12219014755197344,0.7925377966329323,0.7142408720396677,0.007599191771238245,0.04374862055486817,0.215123279771948,0.18363554595622733,0.634727758829701,0.4918469879218583,0.0690283252972792,0.3368122083282936,0.9649905593820135,0.7954366062004772,0.8672427823735693,0.18473294299214038,0.3874271531604707,0.5358391009061955,0.5766895215201089,0.42328895805203703,0.609640383933221,0.2123541959491313,0.06556476153649471,0.8139725828643086,0.1264958699980877,0.32252183444305216,0.048793487690535375,0.5751156632301166,0.7050043810301648,0.8504379787311123,0.2640966151933527,0.2790029060851398,0.8171316007848299,0.9021710245179971,0.9860997863601859,0.055743987717742804,0.7231947555714481,0.03484145469519018,0.14623552531389972,0.914277586392792,0.4518458470553657,0.17200007276976748,0.34611331073450813,0.6051631063335269,0.6042711375023426,0.9523649617819459,0.6203996476375345,0.8383052133871572,0.5584011739344134,0.2058150773938583,0.3669953547727245,0.5916270413641351,0.7924075113865772,0.5678792486515436,0.6965356024751677,0.6064655363901147,0.70207139891706,0.19255135315419392,0.7471165102919859,0.3169115248767075,0.5404820524699082,0.794433375554003,0.619154423662789,0.7043028125627645,0.08784358645441104,0.6878680113569864,BENIGN
0.8494976674790587,0.878531463399086,0.845479865364687,0.43711804621841466,0.9700126393778268,0.1909068318704763,0.3823863351790181,0.9202949988395157,0.3719397829766814,0.08670603096493279,0.7762056079748025,0.3932574092895569,0.37184615528310183,0.4844863006519917,0.734498213487292,0.40405799126331676,0.31990405010006406,0.3368821343417566,0.8631177231306296,0.2781319653887986,0.4963081379429749,0.0801310672779042,0.8577772453386613,0.8182619748994464,0.16070000560246978,0.8675587202112357,0.18822559829748908,0.06286060640208535,0.8305877907874352,0.42946004870204924,0.26231701562031806,0.5174293196242563,0.7295966693176246,0.768613588851442,0.12476149228448952,0.5312745213493987,0.9661244135755515,0.4478841063477038,0.5598879887826691,0.4884615246844457,0.010797409283630044,0.9325368901641021,0.05617786038482653,0.5712571485253612,0.16503980457787137,0.4314950562082098,0.1595497815862611,0.24674091300158663,0.288313290291927,0.8559480617073028,0.42111878792891333,0.5999211959488517,0.08545804364882748,0.9760628440833803,0.11592909334281998,0.21366253844275473,0.2523953025760798,0.6434222062486714,0.11807108127000154,0.9648088708504925,0.6151774344539961,0.1260633850175713,0.1058411876779003,0.6891853131948628,0.4694499947701102,0.7997974112183172,0.34758325099127463,0.12476475546714039,0.5375262887785665,0.5762160484126743,0.34871417269791627,0.28580675142512113,0.840974309208936,0.10937943524752491,0.7499936089185273,0.7573963441812901,0.32424477069501023,0.17454609264087761,0.8933895219827047,BENIGN
0.2122946489235995,0.016468607864040252,0.5326253584416076,0.8727742075662213,0.4052411474391959,0.7032608744034833,0.7110592325284457,0.7724547899199411,0.655184111905543,0.610066550206311,0.7855887389390099,0.8811804730947792,0.1495554963678002,0.06442693297029456,0.4796332399125326,0.4899636371670548,0.9654839478679146,0.17158818905116557,0.6906123266189407,0.2641712674969131,0.28393811086824206,0.2994762681393547,0.3821195364987432,0.9396515044265966,0.7864904320337882,0.6345197586329562,0.9857250793711425,0.042894747693267954,0.6575088423778301,0.2714463226198277,0.6257730515025737,0.9799676457038833,0.5701749536511916,0.7045005297572741,0.3423358574410138,0.03895820238755765,0.052412544072385936,0.4145022535480388,0.06549347781719139,0.34341023825350814,0.9024479937346714,0.8882521946198966,0.7447522217514235,0.8730014512093678,0.46528886122397795,0.8919155017872371,0.034825238411510084,0.5044181659553509,0.7054794561113387,0.221054472408987,0.6745484657183906,0.9814886661262981,0.9862214324665594,0.14763742710907268,0.34581883645003886,0.14435837222205805,0.7987859951602504,0.21177008883539195,0.6829789263996562,0.6022332851691585,0.02905008048322011,0.04916676913165274,0.19011183400372633,0.7367002069789647,0.31352195822394513,0.3223195490319398,0.17184399038347176,0.5289661517984454,0.2659297113657634,0.945227878071751,0.4817875052617445,0.18459876827312627,0.7147716574586355,0.14531908169911445,0.8358794430873734,0.5025035514459678,0.9753589257355434,0.9073428942272417,0.5765685732120229,BENIGN
0.07851159752063785,0.8798584789494864,0.8043186220714547,0.273411106115241,0.5191253621162779,0.5536777019482149,0.49467965252280044,0.916363306999875,0.7195604627629533,0.33270089976330874,0.4255200224893232,0.13476640031367815,0.1399617419884529,0.7448366481053615,0.7090653449690055,0.07129480982932734,0.14453538006418487,0.5506873557253016,0.17235452204604607,0.3387990712168437,0.8500456551242093,0.9037627517859965,0.5053541571636824,0.11376180963700389,0.7382722681021683,0.39992155442298016,0.8229732496115602,0.3070905865345426,0.3483704403556471,0.19010031386967308,0.6835135751077399,0.7025398344277735,0.6024608784420076,0.2071746458068624,0.3383547726060606,0.6047020843384517,0.20753972595740489,0.3857625036268092,0.5373430996953432,0.2785753444445306,0.4274192494592839,0.6853779306926208,0.07299515449450822,0.14107752611761926,0.4046877542160471,0.673493652715309,0.6769389104993014,0.48063259667531755,0.19439727449108501,0.2534344398526729,0.49268092540318686,0.584286159044123,0.9575127576783148,0.03880864134858697,0.9864018722783854,0.5435454336645097,0.4423561539316079,0.7808139227656855,0.4505093816968144,0.03905576140124434,0.6338655799816171,0.09185381359428813,0.35379258223075294,0.07781115792366211,0.534702239926405,0.18197456810719637,0.398721637733524,0.3763203644280759,0.7427664708380077,0.8532227494967849,0.916312699180194,0.2439656189708299,0.42079382848415403,0.8759641507611378,0.42660577574511316,0.3194903196997271,0.13936456541126752,0.7621647652335787,0.9701727263539506,BENIGN
0.18414778405377286,0.31473594281812556,0.007995867745016816,0.06098983889424059,0.14739751811371316,0.5618760274747778,0.8292329368244021,0.09052628870525481,0.8359007094976435,0.5391963247086586,0.8538085232468331,0.8277633044768969,0.15339379577503232,0.9917605596554974,0.8542124098938795,0.5309343822644556,0.10681483319195739,0.23489217005102925,0.4744553755368627,0.8512177114863151,0.2843684925759816,0.06260692377198218,0.46787456594672305,0.28960326673118364,0.4202956677571542,0.8928206237234427,0.6960482092324626,0.04806144565039894,0.1582706210221736,0.7224255688160056,0.7758624315533137,0.2704772076781311,0.6780123840958008,0.11933381897193229,0.8300640530914283,0.9830218746887243,0.2395958284953661,0.6055832284557844,0.8551783678292132,0.4168338268575599,0.2984712943807638,0.8817457912148388,0.1401752278139482,0.7701501257981562,0.13953140525010366,0.15793271589123525,0.7296121187218715,0.7146118933060838,0.18423878241332692,0.36534362214606586,0.6249133317063236,0.8717163589486667,0.7490876721723276,0.47579929827273726,0.7839610940432893,0.5742569784998348,0.17749603037435757,0.6592766117267,0.8134760651111868,0.29992466953713737,0.6914381983619488,0.7502827101832165,0.6041593120589908,0.7165788207547232,0.44222447244172913,0.8817963619809891,0.9372699948715677,0.5610937007525865,0.7852138400652132,0.12467660619447218,0.8073971842637886,0.9676891398464326,0.25884062497806415,0.37502967249219976,0.002208451605346884,0.2436592195249847,0.8383854367142167,0.9784256285304429,0.7940792924834732,BENIGN
0.9621457992208369,0.35838571390865326,0.19959133127884732,0.27819571659075804,0.40846812973746316,0.20996010773866358,0.8636243303550594,0.9741376740468212,0.3576672995325245,0.2074293370265241,0.17811250862579198,0.7091396479385843,0.03856252094386836,0.9276845455664868,0.12738575497371885,0.5745361522865087,0.19628755086962146,0.45539156755573706,0.15184775864680067,0.33249233632320985,0.510588000183642,0.2818695553505749,0.921080381516856,0.836835712217961,0.2416776765615931,0.7879417537448831,0.3381291468179326,0.699454857494481,0.38297158246638685,0.9903412129961287,0.31620228639038916,0.5665648030812281,0.38480305568550377,0.36298809958244815,0.42016224177175465,0.08106173654781124,0.45728009302398553,0.5558097242214398,0.5862427783514318,0.6378858599277004,0.1730012439330395,0.663182907945024,0.11365995661463701,0.30580626506074104,0.8695798241204536,0.3335186610303812,0.3337016952137398,0.07655672509677358,0.8113929294868656,0.15065588769669724,0.5374053297849795,0.8991951433107828,0.7252780479146504,0.3933006582434504,0.4595859930146734,0.12494173400959918,0.6884420966494663,0.07709870275796549,0.2531399311357371,0.10176618237297297,0.1188819183481774,0.6631892943370584,0.8421440375586688,0.3257504348084157,0.8162782352813941,0.20296576601530936,0.006595082646746575,0.7536482651542264,0.8730729212391842,0.3307214407683522,0.3751412464424979,0.057969461768093256,0.951458832466804,0.6460015635750921,0.44204917952036704,0.5838411581540255,0.4493484414765142,0.26428712661239806,0.05473998174840833,BENIGN
0.9406349272084986,0.11904435007076097,0.08490786396425398,0.23517348190358422,0.8034971274830608,0.2816944592996279,0.6201749931981412,0.9218631219408561,0.25330831021051314,0.9682339723476651,0.682882621826558,0.9865931333929664,0.7418837678506196,0.3902342546497328,0.8558999303070665,0.23139594292347443,0.6615594934058991,0.1024924681369559,0.7169238424445634,0.8757003070759007,0.02947560893811585,0.29634909241504603,0.5018557817433454,0.19793953675373255,0.5344363951081844,0.2312097628858233,0.9678536378867064,0.5085633065698626,0.8877352160648314,0.6427061216703198,0.14593861947239206,0.2711933636175624,0.40689561360545234,0.18608292637927193,0.712047230193346,0.775819606594827,0.5497152731666587,0.9657910298325886,0.7488576164684263,0.9834372031393164,0.986271774028661,0.2855236376033463,0.6717089473416811,0.13330334953377865,0.008678129783632471,0.42160321330523765,0.09843309249618637,0.8152580962242743,0.988802500653088,0.05824130163654917,0.740398867720426,0.656647497806836,0.7765317253056954,0.37081898928939827,0.9898493044925505,0.6303636777689199,0.5110470760019843,0.3812996757226498,0.04366557013701222,0.9236426007419832,0.5133279319120967,0.9704774505808113,0.09764622730615935,0.11318370997204774,0.8579839977054885,0.21936285394772626,0.7463370773741003,0.3172970138732403,0.8038593077662884,0.5722782893427144,0.527994357592058,0.6978067653871759,0.07876986984426138,0.8359942663681601,0.6866579060544129,0.3348951023715451,0.7256841302812544,0.8076982617191744,0.3916620142898679,BENIGN
0.3634322185756641,0.07902145861940224,0.8343612574697172,0.48188666035794614,0.07243162099928369,0.16765879817456986,0.7243501079308178,0.6370617045561496,0.9011419130457095,0.9838158158073188,0.2097126600475676,0.2994459553797615,0.6068280593779155,0.7549368518250958,0.4791671980290869,0.5634168126239422,0.14521896085498842,0.4652847339810039,0.2257608201664737,0.48300436151535187,0.4764968567612521,0.202674257770878,0.48645424342388954,0.49136918272304253,0.8271392932693797,0.3675727243829294,0.7186192456163248,0.26648652224143254,0.8684771307163149,0.4506177890228962,0.8256134272698006,0.44904121785653706,0.7139292193484404,0.2192589882203696,0.023180957012354453,0.9392104529774574,0.33861511413519707,0.9526478863010686,0.6601567004870839,0.9714620691431975,0.9133494177713728,0.9719124033498162,0.5230428647465292,0.10251007855396155,0.7701093064241722,0.3751026267534404,0.9290738377554775,0.5129785484839442,0.17287793341872626,0.4843272820756319,0.9842403590303533,0.40827326427880306,0.897741015481666,0.8530213214045156,0.9662032034456448,0.25568637494128876,0.06010120306536093,0.8349646616011352,0.42219491854365376,0.3233676742866374,0.6248059377288678,0.6727935027800762,0.1950925776201219,0.030708550939917534,0.7206203278610284,0.5760290794750871,0.9599741759212519,0.7055021585661764,0.9524763951189242,0.15496193415425363,0.09015588102543048,0.5008061654521219,0.4110072449303195,0.9507287649169633,0.37313831506144757,0.864264464122781,0.8337041683063036,0.3010235173402851,0.5632833125602703,BENIGN
0.8118303201673903,0.5702811092257648,0.3791756671399439,0.4918352103129211,0.4106972732104053,0.6938200461047032,0.3662302340076641,0.7036815252164402,0.9123390953425562,0.9748193620740513,0.4462891628188088,0.52201180707591,0.5108348926088987,0.3956110907444893,0.3404415687990777,0.19972181932053623,0.19713699842757693,0.6838884812747941,0.4517149320000817,0.6591210714780538,0.9304407483800073,0.36569565289191686,0.47306927775838303,0.15910931908362547,0.12785811124726687,0.5164099524273601,0.9060368850905228,0.3527189747076156,0.12346463874916236,0.7735345775221796,0.7011267682990019,0.08583595761614227,0.2591290229590262,0.1996051322830248,0.9921561509497236,0.36902043917287175,0.8761577935492851,0.01434086352314512,0.3525483455487918,0.9908449396810257,0.07901456785594052,0.8157828663601394,0.8321303035776009,0.3920001482186448,0.6046994879969076,0.5217860114457534,0.48837140841131843,0.30980782014108554,0.23974482192758784,0.10381339755169894,0.34931411830406456,0.9176450789524332,0.23785248688062188,0.3482161571492415,0.9456651443252807,0.7252592430851009,0.7394233602791879,0.20335920485920456,0.4400446867268245,0.6382186116806733,0.12679927311465822,0.5313817965152502,0.11471010188188202,0.2574597300011098,0.043424833026323495,0.5612548295842099,0.45959928198270716,0.8387785060088407,0.3556300692842319,0.6292455752738941,0.5690533787606455,0.9187849428198707,0.49782282199897876,0.9966288008134233,0.545542187716822,0.38691201484652693,0.46022474383628864,0.9039862295211532,0.6297558015129137,BENIGN
0.590029310733144,0.8385672849170536,0.9173378409512778,0.004058643550004182,0.35661653001446614,0.5450199941408577,0.40281007631739163,0.26172148241544646,0.8247792657956983,0.8632268327649022,0.27445011894379434,0.004253687769850134,0.2528254583234175,0.3809422987891379,0.6274909409092111,0.4096825217841543,0.6214232835283832,0.6529559756364091,0.03354345781224122,0.2648622986981054,0.9435017493450408,0.32298608626671277,0.9708844812747564,0.5350904347290616,0.12184781929619182,0.5813107814865239,0.043890917031516596,0.5835782805431365,0.1667248886669268,0.5981961448751647,0.1716123580089145,0.17606235705464046,0.36052797249432444,0.6199031913119651,0.5682597095717307,0.853340845728352,0.7818569845064012,0.06133189789997329,0.44539712017329425,0.45980637405418767,0.3869736009296021,0.1942466714325679,0.8868685038063749,0.3439381735787579,0.5929806063322823,0.47314989717260014,0.1368542843273568,0.1293218797796094,0.667340302269073,0.7338021335204643,0.3565171981439189,0.34294626154688757,0.3532203369334952,0.5424142602928127,0.9468236118513477,0.8125599716493914,0.39046014719561173,0.7871599110783986,0.8392119318794841,0.666875822430904,0.6265419517745958,0.12908181715767952,0.4187152250263376,0.17181148612632813,0.8850954571966007,0.4999431222127376,0.7496657475577002,0.4321299324737946,0.6212201942373821,0.21068841184957388,0.9546022617823515,0.2015497328534761,0.10196632002435768,0.8567354354780718,0.5900789501324308,0.5355057293291305,0.5094087476717044,0.78490106370108,0.1725795706186135,BENIGN
0.11218606275320331,0.38028600028543746,0.5204180582482173,0.79602128752873,0.36582823484125115,0.023108399647055466,0.020280362541939878,0.05659214158451353,0.6161325012549834,0.9929997781182518,0.519126744207978,0.38631331316583095,0.8082837370978944,0.6706738996445645,0.7564082974603168,0.8710070458210282,0.24994275388002518,0.0713257370781003,0.5598388980457931,0.9344042307041517,0.04655668364661725,0.06316743574543426,0.9064535494626804,0.3422082438402687,0.9378526223691831,0.23117012885547505,0.30950865602972344,0.4429357028526575,0.0559550670228236,0.8558374509109021,0.9546347419303007,0.14565405754233718,0.20602976917645321,0.8310150465684093,0.2768595208175052,0.624657373358543,0.31390910438358477,0.9185458819492065,0.18842829795818805,0.12741575605152955,0.2950989579126483,0.678104048877336,0.7554510718196475,0.38992141320071283,0.15914217849369638,0.8856274775352292,0.12010065264847969,0.4498445424322043,0.7256608529658611,0.6149402390663401,0.024124908507488496,0.6150828519409214,0.19754876748307404,0.6815168465514195,0.4450790211644208,0.8604599535707453,0.7716400722596207,0.3519556185165448,0.696093269253502,0.44498396736848966,0.4183266285485895,0.2148887707993613,0.6981105728860447,0.3993343608651374,0.30162165212691683,0.7480495495622204,0.21246869591684714,0.06559594721988682,0.833131935363782,0.05738528088254802,0.39050072940985214,0.898483628643571,0.5301807610465288,0.3847424357638457,0.11294236694097737,0.03874068855224544,0.9116579164089715,0.6733227756284377,0.3559143416769961,BENIGN
0.08071776032488831,0.03330000051772408,0.9913002567135042,0.7960714697121651,0.9412370241866486,0.8574539381178549,0.21579417122306488,0.8619549030545869,0.6387423420371123,0.8721385996913028,0.19107913700846446,0.705290495419916,0.583977508467969,0.9353518874677316,0.43479622591068334,0.8055861133724211,0.9541563528807502,0.4558653060694491,0.9138493750997864,0.5006200534514755,0.04282224204976848,0.7307334667770132,0.6230180726274561,0.2896752008366955,0.23994462912960124,0.05497761898145459,0.33650528767424626,0.03767138514274637,0.9989238995872011,0.9815731022854386,0.2055089453956308,0.7367230288493231,0.5070969672896601,0.34668321763734455,0.9591697694742014,0.2274639449431135,0.04480319118889464,0.34299830656276775,0.7814049866987774,0.8801942012363599,0.938790727522046,0.33763858555079096,0.7547371488602732,0.47408073689147123,0.12274164750344574,0.13938242788995925,0.5538136600481307,0.3642846617650668,0.15158136733625438,0.2747998108845975,0.8933559600790046,0.6345205255069735,0.7958441816864722,0.020519055815087728,0.45166389276440566,0.2407431485818582,0.8269892343563113,0.4155035623494028,0.34805242796661573,0.4831886246855258,0.4463485664708091,0.6928172061787783,0.6826647905889592,0.3403923528047149,0.4099593191350793,0.6241847751975989,0.5276486449244475,0.2586448663134664,0.2872544422550999,0.7994490662937541,0.06835130342498819,0.833047211905719,0.052572637451622994,0.16574079330864855,0.05349181852623708,0.6626127681027479,0.39216769456220224,0.056486254118155776,0.6242918477802246,BENIGN
0.15898123892126126,0.03682511183395687,0.6109964659418106,0.10763605715445457,0.5280895656884957,0.03634672943026507,0.34083438033567137,0.6271365074939119,0.18316492151690933,0.738381236040682,0.8356913086762991,0.9960496024349261,0.6076076920243387,0.34032409668201125,0.6605853554305817,0.10248565377593011,0.3885933037883451,0.028100517975497286,0.1852725876562069,0.10984513044799682,0.3220009311045987,0.6318391652031596,0.3889271422649522,0.05236892693460393,0.37533886790203774,0.07227941899324952,0.6939366183907811,0.16065210124617246,0.7510923443435163,0.47267879135036084,0.1097452487912095,0.4928946008243812,0.9548724617415565,0.2943571118037318,0.9261048993802021,0.2739386706486169,0.4196274863195203,0.5817586938699632,0.9185632137020859,0.08591974441762285,0.7694873264895482,0.8174915332769642,0.015098610764427867,0.7256543484809287,0.9061161657161954,0.7860806060641028,0.3168260811838204,0.3209762085560143,0.7554443520305127,0.9381137350099695,0.6529830921661124,0.42920728857873036,0.1554222361342652,0.6310910157189014,0.5659773461092331,0.3542439024362918,0.45850750985428457,0.3409792728921842,0.48069785095379725,0.9113876581295073,0.02980989002125778,0.9496842212577481,0.9573596071721658,0.022146532152854892,0.031061923378384315,0.5778212433378864,0.7175537789586456,0.7133078760828675,0.45861344158220085,0.885401003148107,0.5841606919780901,0.24380353106355868,0.6072090385260569,0.4790083924858928,0.16024282104393084,0.2570591932695717,0.5913453059722175,0.08192800540788048,0.08162819855529002,BENIGN
0.07690473782150997,0.7733021188448477,0.05360910720157097,0.685304599484515,0.685196737525938,0.355593913562835,0.5655201217334961,0.44612220904669897,0.17202896085965158,0.2980600444414184,0.930324984762947,0.558509025519483,0.6893643896517525,0.11940796513948393,0.3246049830722395,0.38972268107730745,0.09103085041529935,0.6223242250635914,0.853052779881779,0.5292965834961149,0.1845746307371151,0.23085251319994904,0.7092699110117326,0.9458409529439935,0.9359137054284924,0.6092973513992108,0.47234087089794896,0.34102625870884096,0.6928182464710062,0.9850749992746737,0.3073895183681544,0.6308192790214266,0.6257776161537406,0.1036915852516781,0.69746014637307,0.11347526240089345,0.882341077933736,0.5689724803235118,0.31122986509368344,0.01593864943663348,0.49872623794432336,0.11353111850383069,0.21005541000044203,0.4831427522655214,0.7831509433701559,0.1880859335520454,0.744555827300959,0.4758213029011469,0.37980572088298115,0.013721764771417733,0.4325245160890968,0.6005073770775036,0.18543322289930486,0.28128306849404483,0.28200658413473323,0.4806806288257982,0.653798401072194,0.5345246138840367,0.12696529463401607,0.6575740684966842,0.649683253905304,0.11099437485622521,0.34780941826110723,0.7075982971124097,0.4404462582815558,0.40092723161565225,0.7155772617827164,0.3701596477781115,0.2826371802080945,0.5560156655786825,0.3650758832330536,0.7916673500937312,0.8732755414016915,0.03892288748583572,0.5337397183924534,0.44464499439779814,0.44905856712480174,0.5236982034345943,0.8574373859312793,BENIGN
0.5847849267077863,0.07215305035350106,0.5315716176109654,0.531283698921329,0.47549824962883136,0.40914564353218474,0.8642609604386883,0.9620564188551771,0.8109808185329863,0.2732818330791362,0.8377251245318126,0.5630213879417535,0.7201460054932431,0.9723012771174252,0.8424413494659307,0.29421554833975694,0.5981668738991448,0.9513242187676727,0.9576018135875453,0.6145231459946836,0.5758718203203828,0.32711886450458594,0.727664940927295,0.355414324679339,0.7247376801962226,0.46816475591937257,0.3784857288708203,0.18243616776713534,0.5999791453227235,0.6514042729751965,0.5820834758878466,0.7527320523433577,0.4492162506725351,0.728530019000347,0.9187327763754033,0.43820055091180965,0.8597437166026665,0.3595372488173154,0.8533711231199799,0.7579606203894459,0.501721376979011,0.24581888120915252,0.8303365974105891,0.019744986562732714,0.5423498079612014,0.45020113228989855,0.1140447486526216,0.48856501357259385,0.66068980374129,0.3006746067693161,0.2010009909804511,0.7994750818853432,0.14898148643090414,0.8002596987650773,0.21732310087013973,0.9456366391095087,0.2919058044301449,0.1086445051300462,0.17537367433872808,0.7029960684676184,0.2792795656177093,0.6604867924061983,0.4563973779763004,0.8162539869174928,0.9404777975411929,0.7158488766435974,0.16308132234966577,0.30291702103901386,0.4090186973479101,0.1113865078593731,0.9116409030700182,0.1433917483435171,0.1735136525201444,0.6334585136888463,0.17629563337933607,0.8763991884076242,0.030256539419559858,0.45853019451265875,0.4735285311118268,BENIGN
0.9046366647803384,0.7045814663429028,0.13852404017883835,0.4893594841688196,0.05075620574514872,0.579478249968273,0.6105027390048691,0.9005150326929436,0.38741906564689055,0.8328502607203778,0.22363963368866935,0.6104250754382835,0.6127326729651825,0.9354167360771689,0.8775183897455934,0.7105827911015382,0.9404462825728104,0.2740886783720279,0.854249180282146,0.672502668983822,0.4150879307798696,0.47956603308197976,0.4891453377716162,0.3324262697485493,0.41214876322082117,0.5354756067702714,0.6650178325223173,0.10187228137932458,0.015208165259011253,0.09599354807706562,0.4389660149700232,0.9558627741500084,0.8795547101271962,0.4795688541367896,0.5746746335678843,0.009931485520241368,0.25343589454469684,0.32650391342078877,0.5604008170397751,0.1767910994189026,0.43524009522810747,0.707606106160837,0.5691574494584439,0.7514187999589566,0.13786634971853684,0.17362919573991553,0.23919763062553157,0.258793917453334,0.4023303255166897,0.4952921882150654,0.8006849437102939,0.17531163942106176,0.9178548531913137,0.48783181030020684,0.7858069112253597,0.41658810175455707,0.1409038149889431,0.32574850549444534,0.937774422026223,0.07605513249894402,0.6369735491672932,0.3396702663144401,0.09795862107269993,0.8494226407286752,0.5249807043026146,0.9189293001530389,0.9823835282710823,0.22673959223104778,0.7908190208694675,0.05181147276711673,0.4712260466861593,0.7003026221697611,0.1253100979744246,0.06144468328288344,0.44533047717296614,0.0991611001272249,0.9366597233910249,0.11473988188532847,0.1485403892280207,BENIGN
0.8893535282430115,0.3359192349453236,0.42734839423524185,0.4803013851269574,0.6894882198720732,0.8224129158798162,0.26219017099800246,0.8707581915030917,0.21952983848618346,0.12953791018423655,0.36954583756626147,0.6892094884061176,0.8013836140561057,0.8561579199659003,0.36284128295996876,0.8338921032653942,0.6293699713192258,0.772946709562102,0.44905929224220165,0.8496618653911648,0.578181258536247,0.3925919753494629,0.5813977152946129,0.4433329765865539,0.9559703297372081,0.1484760613710181,0.4058827173078816,0.6128464180965264,0.11916161911224543,0.7538075451038908,0.9692140862328321,0.8179487709766801,0.8119404232275147,0.47527281820418865,0.12580450634521012,0.815573148157461,0.9994440930826242,0.4376148126194144,0.24959610706640833,0.793053469758628,0.1466985920850038,0.2981614008689645,0.3270680114749466,0.4232381626203022,0.913869519775596,0.08811177819351756,0.7317571789540789,0.14635853248344677,0.05325045774039039,0.599626939545624,0.21240768726536385,0.63389919533223,0.9996300534046961,0.3470670113808654,0.9359109387481792,0.024537294198315074,0.10227036670157685,0.11421587387318133,0.5904087591269603,0.8553649971013976,0.6056014086455235,0.19122426688840188,0.8922336550852761,0.05670348712469553,0.7391734296553893,0.08249933567390921,0.6974413911439236,0.21347250849411414,0.7628197259612489,0.12446863122554375,0.23339938358149337,0.7045992269238713,0.24985029566332562,0.7725992793386813,0.673709147306766,0.5982610992339688,0.7354984496301905,0.6899790566483148,0.3173210181823144,BENIGN
0.8826398974560509,0.5263888736639588,0.8819477985391306,0.18562732103996415,0.935637457933184,0.7374307758401185,0.2952457010067696,0.797299365996785,0.562192981158486,0.6815788267669461,0.6848263028709439,0.7018688848083865,0.8482737967133162,0.9500792569967947,0.4656170126718878,0.11874606815697908,0.9222129727359927,0.16002968062479672,0.8271779160952384,0.26744574333148985,0.9329547950358319,0.9673148458232166,0.1873970833797841,0.48977897002337,0.7104666511570289,0.5949903809333212,0.8907062713112702,0.22377874408730403,0.07479771921952572,0.8952803353657909,0.6116666377616384,0.6022979164207112,0.9335014980191955,0.007311059152543931,0.5723641327379383,0.980810940836511,0.6361301751152253,0.8090912944453941,0.5521925843696602,0.6279086806580619,0.11564662341776877,0.054869143000284226,0.5656026013672901,0.212938039962967,0.9000197588950904,0.28943286881143004,0.5791627722570971,0.31529824825080066,0.5319815153670723,0.406254927461452,0.8136508182275815,0.6892164628046924,0.5623954742861886,0.0913128415479445,0.3458744990663395,0.1005976229321891,0.40747001180240494,0.24070733702047742,0.4327384947367938,0.162685986336205,0.5844899338106918,0.30641539008647256,0.25544905328416145,0.7735183012524985,0.46770825750596323,0.010640543953223447,0.4698847252009474,0.5321797911872733,0.7662476460644094,0.4376554676104971,0.7167191666203323,0.9566328776162772,0.9162117858768304,0.35886544578294677,0.488006448658321,0.9904467421055607,0.9600127704795058,0.9148204160111565,0.5056842160929909,BENIGN
0.9779443232641428,0.42400321205138747,0.44769513745042544,0.6427086066357166,0.15509352720307357,0.3170253870963594,0.9325580020605977,0.8043679987392959,0.1820864631368999,0.04744957735801969,0.07627093125036644,0.6871030635028103,0.664908237181199,0.609817846590638,0.876893693282388,0.5731029584917439,0.46608522513136563,0.982224319089231,0.668679577374871,0.5875148879366026,0.5670503894212238,0.43689658982491075,0.7614839188283475,0.16339298127323576,0.6617770290417356,0.3286176898774329,0.4542544495317271,0.5173415292688393,0.0048435270380442486,0.9070762448707145,0.7153559445655513,0.0303189265855478,0.5109367626794603,0.3682639075622217,0.35373846965196076,0.1730622868897581,0.4186903308216383,0.20185373332655976,0.9015446880553043,0.06949673463403427,0.32235217033081986,0.8635234814529311,0.9183175658890642,0.8946015243757033,0.4348702737429373,0.20606950433515225,0.7256696705997892,0.6160262074004265,0.699498103869533,0.25505571850018105,0.5974608866733483,0.23911188452579069,0.8377580656035785,0.6606721453066966,0.36204100719816745,0.8016312933800077,0.9360951838678985,0.19891499191931516,0.4222260708633434,0.35277711661167643,0.2896379070710303,0.7374096271676909,0.8466092083769474,0.3766135214069647,0.5061957710798857,0.6002275243826443,0.41222647958480163,0.6720753293688043,0.14157126481501248,0.4719589499165534,0.9199766028564743,0.08098861867296447,0.8147026298305448,0.22743121476036465,0.9504674050863929,0.6645904844335061,0.523495374930909,0.3031122348687072,0.14791928625725426,BENIGN
0.229271546369321,0.215919903947415,0.09547261561994502,0.8614898468137556,0.13344786295121824,0.7080618047687848,0.7611391170788853,0.5069421365141702,0.415003238007589,0.6013705755160472,0.09041405113159118,0.7952587716613708,0.5200229527678016,0.7112073486495858,0.10310122593400639,0.6094079718897284,0.04443306859088125,0.8280539512095363,0.9387735609690947,0.5854542733980156,0.3716063897876146,0.010096507604585025,0.9007059421961197,0.1778023963627663,0.4814948535444584,0.2975214601074827,0.3885026557732041,0.6344213926801942,0.0780662042471687,0.9060943279180257,0.7182498773963409,0.49142453746959003,0.6153415430393762,0.23089699786436113,0.5798577541844289,0.4822320580550965,0.7103272560243967,0.7035421566489239,0.3205590324954438,0.35539645357648697,0.2971735931233682,0.44231721039233907,0.5036540121532663,0.9257130173578596,0.2967052248864508,0.4331742432954927,0.0890922315042828,0.6733371167787063,0.2702735411689423,0.5364728509610501,0.9876131023555088,0.3670681589319271,0.5205029102356854,0.4262439590708478,0.1475256620289519,0.2051987049974553,0.28747692198079877,0.9241734342079031,0.8592650787310613,0.6824333584302796,0.516410930920855,0.7021980643695543,0.7834610969568974,0.8999794663252213,0.47481471296382893,0.2926965986210187,0.7038475325994721,0.7925948820305312,0.4175501830949935,0.49963264895053905,0.8896454282582071,0.3460637557084689,0.9255021581699671,0.48019835928600463,0.3978430012742582,0.2863956080083596,0.867080063624938,0.49399641787820403,0.3745785091491062,BENIGN
0.9438015794371883,0.009349502523865683,0.06348580745493182,0.9751418038904661,0.5548327001325238,0.6392572257218266,0.7609633465507769,0.2724047412419801,0.7637536315608838,0.5205109894668073,0.6440858333607221,0.2612520129132171,0.7339283241969035,0.7245666105906012,0.6358434187041877,0.3222229376827316,0.8901580089068633,0.524503228538911,0.3382402662472439,0.9062575966085472,0.5291054070858424,0.6634428122401981,0.27964405302729256,0.18201487883244327,0.4779275097768787,0.8308630006758307,0.7463189125510846,0.19776689060266284,0.5679241995347422,0.32276964954177256,0.7366645681291828,0.1225837018324687,0.9291203409207168,0.7608577678341759,0.16368606583671275,0.1352129350541078,0.31565256862957647,0.18563097875241608,0.6206166654839693,0.05518151234636626,0.4977082504990038,0.5631450169548928,0.1099775729693182,0.6931506426002412,0.7569636663628337,0.8086522140116508,0.162803691826521,0.6942776781853937,0.7800564561266222,0.7420691769063722,0.8427485580547367,0.37857621671293495,0.549343615343151,0.9583307057565867,0.7194598794348636,0.02925020926165689,0.18218286483312696,0.41030785553649274,0.639443586524447,0.6627152962507534,0.9949535796260595,0.5171971617926987,0.04976664481654225,0.19498622871143234,0.5685518402423865,0.6127674977538632,0.8123518793881207,0.4730350558459876,0.03467547605185772,0.019771610514074167,0.7797365431836915,0.7331087862496815,0.383899688253144,0.7057653159458946,0.9686112841086558,0.2129395677776732,0.5396443932840953,0.7070095121514686,0.5128228003100901,BENIGN
0.33361064057177015,0.9497506076620689,0.655359495230613,0.3138654146837726,0.9235111713122099,0.69430906326343,0.462897264575042,0.35349408244090363,0.9633213377029921,0.5295117520101246,0.012716756116392447,0.0392561208361073,0.02601240609155031,0.048979086857548704,0.7961666364586073,0.7496134700994425,0.6179275988571266,0.9587081674565571,0.33525665404122484,0.06534563508380842,0.4672255743809617,0.3527939509735656,0.44378491487922234,0.4978520568085901,0.9176116931343508,0.042243390196410546,0.97757853575373,0.11819402244171029,0.5861458607941338,0.841988528228381,0.05502806494443946,0.13871939069770223,0.14603234638959606,0.17578341441035106,0.9631700916952735,0.31898615564325117,0.6692919477233447,0.017061096508104612,0.9896394000362597,0.23799513120998395,0.328324332058056,0.32204226724379537,0.3111769302531797,0.6891580636373424,0.3477245563715481,0.7253499449652382,0.47932409896280703,0.12356320471620064,0.16149744011256428,0.2825490185840356,0.8733015682863541,0.048753764723961646,0.2031939059903446,0.8281288629871559,0.6955267622683088,0.34603761365464636,0.30743771290993716,0.3679438003834432,0.9761519039633593,0.10476535240513463,0.32216142613588505,0.4931658191107242,0.06421068818217301,0.3326877729152884,0.8876914975935289,0.305350629929124,0.3096805604535967,0.6212244544468233,0.9855498789780277,0.5588972681042198,0.2550251505187131,0.6290394945706402,0.39578581274977775,0.1896154859244331,0.9413344922453609,0.9241663903439759,0.5235584042778009,0.9860810277193858,0.7657844076758648,BENIGN
0.09795897281524568,0.38783962296561003,0.18763862619045235,0.2646793008733198,0.6437011709404019,0.3722924448721605,0.05299444417313426,0.8632813262522666,0.38966634764634533,0.484881989422126,0.7437996934528812,0.8816469117921681,0.31972515877487295,0.27151345020200357,0.7886634940287277,0.8549676488699531,0.616206843717631,0.8143002828001145,0.6308792804368485,0.8357975415617078,0.35719730134365113,0.8377921310856877,0.23303953330019966,0.6198237334349365,0.38916056254052145,0.0794305816987142,0.46309435689538136,0.9323053457094966,0.47921133139681993,0.6539351818591541,0.5413678432757727,0.08921923273028187,0.6178107668472803,0.8327129663533385,0.9697021316398773,0.10066748204853859,0.7998177314384013,0.5521255630381078,0.2101380515902571,0.5691364384737859,0.28152119234168016,0.7010154600416262,0.9476736603410917,0.8816720212015688,0.5409337379549078,0.9889994309533147,0.3807530767814291,0.9523578296818626,0.43539754211680926,0.08862317919573015,0.653955599336955,0.40303857282254285,0.9259339965975392,0.7708339223759006,0.11524902742795418,0.24650113148289265,0.4245268863137627,0.18110563374920208,0.5338673718847036,0.5940642396567293,0.07707326419346405,0.7949677035002197,0.36072301887799596,0.20226309214630023,0.6476616474309572,0.12475216366490538,0.6236742923913717,0.39218427529515965,0.12960397420091918,0.1624465073763267,0.6360856509641025,0.05433837658182894,0.21060626609340038,0.00448725807527639,0.5320976332463025,0.9328881315446251,0.9312520632189503,0.6360719514509641,0.30726571653726964,BENIGN
0.855414679865087,0.26899613431677694,0.24468914868397107,0.18864463547596633,0.3640022851086926,0.13594259181862034,0.01602047690082975,0.0958242178682478,0.8857218871431438,0.7034206474009099,0.05846828088441347,0.4216156789436223,0.4434151582332009,0.1439726416278615,0.6530711402379692,0.11227680321751665,0.07643136970245945,0.7708376732682513,0.6770347369930391,0.39414803490015515,0.048751578799111295,0.42909521201595513,0.8274319558882933,0.07009317162514062,0.2377105744138437,0.6144155069142747,0.2947309217534567,0.44313950429803495,0.4245407475934063,0.7738625642098275,0.28560687445786515,0.5214340581602473,0.4330682217124707,0.8426409229134005,0.7178712188407244,0.497000653806996,0.2489389115258197,0.07277366879638258,0.3881110514442164,0.43613919308876836,0.7018976761260377,0.9118807729616095,0.627488703272492,0.0985854906017829,0.011464388291269278,0.9790838184085048,0.5673996728731633,0.20773530811266994,0.27627788964485744,0.027873446955140713,0.03559396891059685,0.24469378253594498,0.7711918011476625,0.40894544192108595,0.4479803529102856,0.3568068702350685,0.7270888227523201,0.28146871685050145,0.9409744684092711,0.4484024598992975,0.053437755525770125,0.7464847058563093,0.556798228820456,0.1763104598715628,0.656147652183068,0.6411062260724167,0.9777458033646349,0.7485349279189326,0.7115700013481507,0.8329023575228132,0.9026218679952747,0.330134436528577,0.9009169729034391,0.25351076677218853,0.7695537280673707,0.6200170914143166,0.5039500049701161,0.369316703252374,0.8407800622574346,BENIGN
0.5033728482056845,0.7388376771827773,0.49386201008900243,0.5376207269864874,0.7062731701171108,0.9225182813668324,0.8626043102830537,0.9902670142451547,0.48976307040821143,0.8632545302069143,0.22135555477842228,0.9695725581302773,0.5143954804260683,0.12941936803413268,0.5708521255365699,0.3654624775022529,0.05209380011987963,0.05460524173822867,0.8810507912557242,0.39853234862961373,0.3156266826154981,0.5223529444500148,0.4663605762341184,0.016082238606231813,0.5639806290345635,0.6478590218387374,0.060315366951025684,0.9729657457022142,0.41555147282912763,0.6023172205769698,0.5629922331601594,0.8996116949457956,0.22481668608253969,0.845101197037773,0.5298244707765977,0.22464235572401003,0.3040411649066782,0.19631682282837437,0.3510821777675247,0.10735329908696156,0.8823952237634834,0.9680408382483665,0.11741805737354949,0.8117099813089546,0.484344437470395,0.11732222101175427,0.06254389794337345,0.08508307985655406,0.827579708692589,0.0522254720110612,0.7202585133969365,0.7222676894900112,0.2061695754459394,0.472329715191697,0.852087232108448,0.03796754883368991,0.38411406327630626,0.8040119483522046,0.7597797604060955,0.44244497044456677,0.060937605921910554,0.4902434628696951,0.4562846021079271,0.8610656768017043,0.10563539630107788,0.8782336826447482,0.3001402957875091,0.2677848977629861,0.6085264783212335,0.20970015167134903,0.3314628640002999,0.9649946564525587,0.8105810793146749,0.003306650762846197,0.12549953817535897,0.6032097857806923,0.030623021656071447,0.9310212730393687,0.497684996816424,BENIGN
0.7614266273514645,0.8577841638101249,0.7889865242585267,0.6255151961039025,0.5545317972882337,0.721750223156101,0.9329442058995171,0.8598555214778852,0.7116800004203943,0.9622746753218806,0.6311019226262878,0.20368400266617515,0.6270214868640014,0.47053872364062377,0.22094391577345618,0.915292877879152,0.24801352294672818,0.8770045810052766,0.40893762095594877,0.04241217232552896,0.3467475079050386,0.09885972901623208,0.4657576654090714,0.9699147196526365,0.7155708642147299,0.035378572015356435,0.04972833754929695,0.6355362726253653,0.6276107189476877,0.659708749692441,0.6041186094384429,0.2136615918807362,0.4117185054793103,0.9063165738466408,0.9839017272775532,0.15541195829833732,0.48006940683331367,0.09650983788669076,0.35391479384014224,0.21128343465598087,0.4152534424005063,0.2392289766553508,0.25262325411475717,0.7704790448230412,0.5949175378553714,0.4256962646971255,0.3639369666499763,0.2873387885949351,0.27507117878403675,0.8501930184144056,0.7731675059216648,0.30232137298887685,0.17518737294417763,0.4095078587628148,0.30605402886474364,0.027549284386972017,0.9107832013975815,0.4322773724855776,0.48189594956989956,0.6013418339621918,0.358206569524699,0.886334225890661,0.2075195110739415,0.09912447187457674,0.46697424723126635,0.7912124558987018,0.4639709725562018,0.04627042159392092,0.7850289219275552,0.5626877605536176,0.22591827978927825,0.3199073048236176,0.9068363999961127,0.31461212227167556,0.6404738438638433,0.5848759221856085,0.11030421606744889,0.23396721182419844,0.21631260679109554,BENIGN
0.7893606144224493,0.312833682817957,0.36344663098951857,0.43208611707188405,0.5555868511697647,0.724788807289838,0.2785668458441949,0.3060635049003422,0.7980299976395082,0.06430995099967696,0.7372286691122123,0.23042975681035804,0.9338952514792789,0.4848766138743722,0.024171769407142718,0.995476424230451,0.8376205058117018,0.38109301041571,0.5046741912595037,0.5376024688459822,0.43831792563349714,0.4335276787936675,0.4419003851814909,0.700941564786425,0.29001603020456823,0.4251677101045742,0.44572085078446955,0.2443734294416826,0.47927925612692623,0.7314110022911611,0.030897061328169828,0.8273001710741521,0.8084928977872928,0.899215162054964,0.18231517787903617,0.06132006764685061,0.5341816461642173,0.046604052150181596,0.7533361235850841,0.5750368853598755,0.7637291332318855,0.5126252853765438,0.8822646505589108,0.7914856221814144,0.35028687979370965,0.13529640266120924,0.5204676367235787,0.6244863008918585,0.29505285522410907,0.2800604724988073,0.17497621652785422,0.5928445232388377,0.8142077051967394,0.33431841812766094,0.46960605383995124,0.7040983928340545,0.061039905120710114,0.4623024820673197,0.6262807392310916,0.4668334744241134,0.46595447516077027,0.13751398077424304,0.42421604966018467,0.13157662749985333,0.26503687891629313,0.40262046561426934,0.5324348864078943,0.6282630095615731,0.13799045791805498,0.3530258755492677,0.48664080908178076,0.39376161731644865,0.5944364529584842,0.3838208479533247,0.8957306187799257,0.3783759552077135,0.5842876557167398,0.5333412927051491,0.44075742804572837,BENIGN
0.8731978625219118,0.6204857416747817,0.4391912805017748,0.37715423898636213,0.14290346233408435,0.40687738121741635,0.45809645118321896,0.32531718294281675,0.4969818690563491,0.2389135970412004,0.30599817921132455,0.03430748011816642,0.33791147353987616,0.780978845970232,0.9371156846492098,0.45804206870072073,0.5689108913750576,0.12319266213312619,0.5817328080853429,0.0461553097990387,0.9986837568227309,0.649328712621497,0.1013856906801005,0.4710118001157573,0.20734721944649492,0.6444917483799805,0.667495219569244,0.9472196670779374,0.05859081445024772,0.24891013993961042,0.9169310562451788,0.7508391152042609,0.368044525340372,0.7010712783323968,0.08291415886299736,0.8381360339030602,0.6110793731085905,0.8989262005027202,0.9271186074140241,0.9045364054386908,0.5993354601815183,0.4526737820875182,0.5409231823511206,0.2787697541171391,0.12099230897126989,0.8348634340545987,0.7889829735118298,0.5481291790704973,0.6084024960971712,0.9915131748867231,0.6347064952340261,0.5986905003132232,0.7517813881833298,0.3430528519847996,0.29198756880940024,0.6155585990890072,0.4339163117163515,0.22528972371225642,0.26948950872255284,0.7170707067468818,0.8383884077292011,0.890503878889191,0.6042384129294049,0.49995147597364964,0.9666917542294586,0.9359760927084492,0.6748279812367387,0.9954303939362524,0.03940868915843143,0.9034388032377962,0.4234600865102893,0.6692504258763071,0.800646285439727,0.6292287944929218,0.08913601758535217,0.5736954600257308,0.9043263886886475,0.7069227384896175,0.886976687942529,BENIGN
0.7880154680023844,0.7906023973706552,0.18044777755556163,0.07695185253411696,0.9556190886704762,0.6537442979775065,0.6921269336346232,0.35993809912515096,0.2942354573481496,0.0011249413305183253,0.052606741429281234,0.09120291151986581,0.9473584216068635,0.495629964606804,0.7950249569822417,0.4969803203455275,0.35526085554793196,0.5294188942795803,0.1360512841453032,0.17639923135162616,0.46228609367603446,0.320477337077793,0.3537029064756503,0.7671694713871348,0.7670790279651446,0.19131245927048557,0.12285311388698217,0.956060376449392,0.13951253913716566,0.9763106842784883,0.5789132701053501,0.19329429372814344,0.11374895617638991,0.7394759473011739,0.8825499710698377,0.1726759291054586,0.059597882123811896,0.1707407899001614,0.05666490754660014,0.31493262681347745,0.9646350563877849,0.8952794872808874,0.14581856069050203,0.24653948067885045,0.11328927611007855,0.25481052174201635,0.11721129743915604,0.4226356130428638,0.17308252900705223,0.9563590871409285,0.6960525500982955,0.5937921901911731,0.3033858013341165,0.4437346926591539,0.9490904902392646,0.3527820764701838,0.8413487320964903,0.7820513203622957,0.04547380975288262,0.9257241760312284,0.4424614151104297,0.9784338040408831,0.016843023398541268,0.6936355314314244,0.3743165626652585,0.32082993949688143,0.17597574022829587,0.8482817889276384,0.5561646839028799,0.388889278577894,0.7034965537235728,0.7007599849265083,0.8333422042050725,0.553141677475063,0.4798461777579113,0.09245233810346376,0.20926108888203487,0.38073158283225494,0.114720577784019,BENIGN
0.24704199853036413,0.7410372903823134,0.8145544068957262,0.738319476399167,0.6002097137089245,0.9071838521433165,0.11204936707688362,0.6265233986568649,0.7909033114797949,0.10078275554396388,0.3575680710843807,0.6345300468810127,0.4567075966474815,0.5959566861164871,0.17930416995419052,0.8196770210088344,0.9012600705283444,0.9438669000465839,0.6654365236141738,0.29375494114637235,0.9959882804499911,0.8404312007688888,0.16417500488937675,0.7864906116485516,0.3334994770131533,0.6803748164455534,0.20935568277331607,0.815513187694038,0.7192643557756354,0.8291065763485616,0.9061704879126297,0.22230647916650037,0.2546610188446081,0.3470290374912378,0.20801722325451033,0.7859375024521287,0.3964966153197048,0.44667563816428946,0.3890021882667375,0.6367464739171739,0.42732975318592836,0.2962248817148494,0.842959351616915,0.5240196926653734,0.6716536923516848,0.5278792894955213,0.13421587021526626,0.722810380787265,0.4356370723584634,0.39444223539494794,0.8756385766784316,0.7128315028833901,0.08669147049315618,0.36128328318915404,0.06209903906394321,0.7803000889793674,0.073167453188142,0.8816580616318299,0.2703877088004776,0.3438123392934471,0.7913698513986142,0.09797067659099368,0.43771947046045667,0.5009217072526935,0.5700829067859264,0.4846220900883699,0.11606622830863744,0.2553681739009642,0.4700863071414376,0.2684177980115292,0.8844574377434258,0.15606010099871148,0.0691251661997987,0.5307145500070585,0.6476875692039713,0.06561265191167842,0.524151926110934,0.3243444640727602,0.18909051763791118,BENIGN
0.4056155031822296,0.7382184537137936,0.37880138252695317,0.22263924249862455,0.5755219559185653,0.5497730554876934,0.9059970199788058,0.14481658537002073,0.526039579426886,0.5552930058831791,0.16186402857734716,0.1738782805532325,0.6580796100040878,0.9697347944110815,0.024331675329148372,0.5326064705691429,0.5173432031218098,0.36459467867334827,0.15782107255297972,0.2842134034448669,0.1951640404230932,0.9282819856501738,0.346667640744423,0.2892034440141439,0.9201133153496658,0.6698574302747204,0.21925881283523185,0.01818888798667362,0.2820221893714464,0.85999425545673,0.2837946832922912,0.8195036110484855,0.4627990506679971,0.42613027841865514,0.6607124404527079,0.7698002983757255,0.7153262364359136,0.6613494924046771,0.21147227595435492,0.11191920544124567,0.5745715449532026,0.9321010510136093,0.8920942228978249,0.43995716824449016,0.16547241530265844,0.4281797722396786,0.9894394167767966,0.4024762594188622,0.9669497573581295,0.5793659327758219,0.991122025152042,0.18518716414728953,0.9884882567910069,0.8017406498822772,0.02786417589453083,0.6428549361408521,0.09771813552150532,0.4557634178360439,0.5659114383687445,0.4894503019175256,0.3056393142626149,0.7330286549213522,0.04520137155286319,0.9246936547050992,0.6817768364072947,0.917720859887372,0.04933785799340995,0.4941100748548555,0.4950124466708974,0.16100973236948302,0.4912910568445159,0.11849874267920757,0.17710775192983463,0.9230603574770468,0.9526004191497273,0.2010805808326469,0.670930946709122,0.4338911305364622,0.2581374792056643,BENIGN
0.6593487393800801,0.2070159451573199,0.6767901269663692,0.7716377107186061,0.5486761820696328,0.8462390170503521,0.482320999830657,0.979442025467969,0.13796229509232338,0.01386831339251049,0.13100241404277368,0.23771282867666743,0.37448182200073654,0.624814210863482,0.8344259593513963,0.028907700704041916,0.8891712420728224,0.3749423850907898,0.18142598408511335,0.6712801230540276,0.02277961106706261,0.3327919490787228,0.9552753721016465,0.2534375310817776,0.20079787466059784,0.5199679572810061,0.4768766765854199,0.9068418068076791,0.08544616729382692,0.7804008793267144,0.7313384344865884,0.6613834915132777,0.1495531591983874,0.6040353916653413,0.3362995515534436,0.36682994051885265,0.9555805154888353,0.4290440123807313,0.05898939597969877,0.41311766165689257,0.9132776589036565,0.16462424022626787,0.9369707498696567,0.01497141764188803,0.5695568072553978,0.14330374418601777,0.4338492311097022,0.811200383198647,0.9486247406536722,0.2517138917068219,0.39432184650753566,0.5468089921128527,0.2950917168360969,0.8575609622818737,0.3890054244617177,0.20552316005075677,0.626987033956272,0.27312807761980884,0.8970821282712018,0.08590901071864576,0.10421562693451747,0.29265514344428756,0.2219028922404036,0.8192432766849062,0.6243296448878061,0.600521738845512,0.8328255181835295,0.8053037036478954,0.8209918951247929,0.7356418729969898,0.8404821200386499,0.25288191926895465,0.38155034267794186,0.5602482088919934,0.8187620088706229,0.20235511120572736,0.6310149709315204,0.5538361324920643,0.6595286680723261,BENIGN
0.1187442924339106,0.6900402303398102,0.9909251866820615,0.6091463201573962,0.7608284645056975,0.16227310971063824,0.339159023682172,0.12092527010344256,0.18160303649263554,0.011194372316805867,0.684590372363267,0.9823081239032706,0.09543202072914636,0.01981160836672069,0.9885745661563649,0.5676323100130387,0.7449627733513884,0.7874800888352601,0.12998327248341324,0.42683167976382086,0.4573163371453637,0.7786404631662058,0.11993072936751303,0.6563021109771655,0.3252472429671863,0.4128673229141535,0.06770401501410339,0.6203590455937932,0.6552907758393107,0.7274472738791209,0.1782995652746372,0.8358674647485854,0.6105887252567789,0.6349930642631324,0.6442054861665243,0.6827760197223215,0.40978412819282173,0.340741572280864,0.9470642812389335,0.8827553646158532,0.28549734989617614,0.5485850659213684,0.7687366044008093,0.6562275014456365,0.8810917930587961,0.7675848295215202,0.26603776190472816,0.8371246736146061,0.96854594538609,0.5566675330123141,0.7006287646396463,0.6824282107283419,0.6213221622509613,0.49537787381524667,0.9055608070912674,0.6087823002223185,0.16963945046746998,0.3984183350890259,0.33845052720233026,0.6607839561955746,0.3416801334899543,0.44824185790770055,0.1520477049855754,0.007145897519182043,0.418930389237794,0.2558382807742068,0.35985667775026176,0.16937015276045342,0.9582520141190226,0.0016006775712072985,0.25644287461309023,0.13953811972309227,0.8710152723724714,0.6775331985280525,0.33747045043137625,0.6946418042417728,0.4034533679436533,0.5005699482981798,0.10009691259940068,BENIGN
0.5336900892124783,0.45365412458586607,0.9228763067631037,0.4634537968627397,0.20969078665004404,0.7577067915435214,0.5481399587506005,0.41854330475899393,0.18309754431455938,0.6969118412296448,0.8127865692485773,0.3949444391879263,0.4492269962465766,0.9572131647862809,0.8145884027371539,0.22416066663809486,0.7133730652695465,0.26820672204819973,0.10557170669853333,0.8388952789987949,0.1862892571821656,0.10631173292077145,0.09141638124786478,0.6272223938510911,0.26877398430834465,0.01045576788090452,0.47205352638876064,0.8359659367055423,0.2868868388505379,0.6513071672199877,0.7844677902714093,0.4865119794334696,0.2787695614738369,0.7973175739150214,0.7245264245550892,0.7126152547047278,0.16096624110742697,0.5035851987264826,0.38492496311921276,0.9716993718704633,0.40107028940408584,0.5744632555578062,0.05829729281165086,0.5891249476716695,0.06572241684035485,0.7806443469730969,0.629820161680807,0.1665828353665203,0.9988117801926478,0.29524570005129114,0.4998491829207704,0.5219093379699815,0.7504206563526222,0.9938447347806795,0.33683491417353206,0.910075563315247,0.717124892224529,0.9864920188062685,0.3844168749537622,0.8010704151132673,0.5948505966091451,0.5272594933765111,0.22198735875605957,0.34092468880605353,0.296615054983666,0.1620305863557565,0.5662496994898588,0.8419366250494121,0.2783322413000331,0.8576897502003279,0.24872614706295748,0.9442929589856891,0.8680378883087296,0.7606523339736279,0.14886116727561682,0.9569049105034239,0.7263937090200054,0.6080745077083383,0.6276335619149411,BENIGN
0.36120901923860893,0.9903466702856396,0.49325978957387495,0.18324290955376232,0.28212615592717394,0.0831946630110032,0.3874806994250496,0.11950244907829755,0.646962082879472,0.044288392571222746,0.021387792423426144,0.16387417151698436,0.2442496249971413,0.5096313045192887,0.28721684871473574,0.2665056022338197,0.21184840302262586,0.8989409151934473,0.9434004531884674,0.10799697750431014,0.4418012268642666,0.42171318904936617,0.5689634954293672,0.5337462317675952,0.5649549893449095,0.9391551289632423,0.46311434251188244,0.6466967580602034,0.6009196421114783,0.49236581705040217,0.6719685048249044,0.3532095780359692,0.1896280060259674,0.8044558219679736,0.09849534004947591,0.9557633581920411,0.23786621916238226,0.8532563949505837,0.04466157582477892,0.5425835326582334,0.9573011562581328,0.41955651821106366,0.5903315006678461,0.1312233199338695,0.2718840848534173,0.29921277619743314,0.863995716363477,0.9503214511302771,0.15218396450383054,0.8035651253018916,0.04684422185685699,0.27007347928795367,0.6387763987914814,0.34042928205897693,0.0072398911558032575,0.6585818003649815,0.8930856322386027,0.25327635602047416,0.08581593786152641,0.5460910045511113,0.7593867867969771,0.37056874057948674,0.3667392815121643,0.7950939029965173,0.2264840160626722,0.9913158143157322,0.8043091787951321,0.25757029014784505,0.26630988444334547,0.3051036937606625,0.9444247330883552,0.7838754862427011,0.699533644582534,0.2950789173971491,0.1349329339796893,0.05696318867584382,0.9795719844294098,0.5279657730906735,0.8451052740434372,BENIGN
0.8578775264813894,0.8247703853299041,0.73782007356017,0.257683246620227,0.8743880481194124,0.6176663491432806,0.8386445303781888,0.5786533333545316,0.241107906170005,0.17730009243460398,0.7978815049740262,0.6654027544250785,0.7871801472970629,0.05080955052782943,0.5483789288552109,0.32545221368653154,0.5293537613036023,0.6480671752560047,0.37595706771804205,0.7627878232514043,0.3223137789445889,0.12663885658919494,0.49617407175692907,0.18301877185028292,0.31436962288068604,0.9965900384123387,0.7762778710739086,0.9345942743532487,0.8670557805677357,0.01619382427606697,0.6484070716533353,0.09567510991346417,0.4318284800966351,0.7635905350923919,0.3630639280478247,0.8562310073444656,0.344245423441504,0.04718121695142974,0.09210252121852347,0.8613600478455079,0.2574386329486308,0.1561544141100597,0.8634958852509889,0.13644293679201747,0.84361032272983,0.30497689620075963,0.1971129038164492,0.3833692213770553,0.3657845642217198,0.18331667590728662,0.4787856187831139,0.4602892609630197,0.45749830837289096,0.7523103604206052,0.6191641890533544,0.5556319138628919,0.21976592372380788,0.30521690419994507,0.2912610102238531,0.6499056055459627,0.37934171011391793,0.7725257994363578,0.20681145139626267,0.9242609349332493,0.533924277029566,0.36151663093726827,0.03607745041846,0.5461102031211444,0.8959036844019889,0.12312514072954683,0.3369773141344631,0.501438075289445,0.11046711712964574,0.4458889852982727,0.7484446294679674,0.9528809570914986,0.4125317643309083,0.4527109729408322,0.727044033320515,BENIGN
0.510046504472919,0.9922799328045485,0.8203384106585763,0.7251237051275955,0.8381943539281529,0.8372503594660992,0.32475508410818554,0.12294714359708214,0.96479286711161,0.5682610959583925,0.646434637609512,0.09350899448274963,0.3499814139429519,0.6691308464205817,0.7918307351083983,0.003051705808280736,0.851709597559654,0.7178772777130823,0.05386549233128779,0.8305783614692678,0.4819659049082826,0.6613168622326739,0.8115030769229398,0.5217268327039335,0.9651718841519531,0.32153941318654466,0.7541528442530373,0.4159163431028374,0.32470027459638773,0.21472587484344785,0.5374596606333947,0.9970173985102512,0.9343477927253645,0.6716873348671368,0.7682503780075092,0.16182841175837093,0.14934276958256298,0.31874572479637175,0.33285414073236963,0.43624426090055524,0.9412091034504048,0.8720643423243448,0.6802360806325604,0.3206833624853357,0.7459912092558448,0.5373350189066699,0.27078231214119464,0.008284651290432543,0.7463835432727389,0.5630436446339873,0.7865626159704062,0.621543022465204,0.8821126246684172,0.7052741043585529,0.48131387987107443,0.7656553451357085,0.661785995755344,0.573033886124431,0.8414547208182781,0.7849298201235478,0.05894616053858781,0.5383817197991446,0.5804395237394328,0.27908131420684446,0.759117467650599,0.8350354297710565,0.9115602733895075,0.29128595620818254,0.5101691089979313,0.8480699126756305,0.003515764124222609,0.9391635829421374,0.5682351984069672,0.796999832916214,0.24120949444262663,0.31494848379295104,0.7646882773281992,0.43441527501679134,0.17674656378519105,BENIGN
0.16752639537552083,0.10741069437619544,0.7779792180638355,0.6271720367411404,0.6611865638851271,0.0059939173239339505,0.23802111049864128,0.3401669197363383,0.9175286218343428,0.15995232096050993,0.223237310005184,0.5046440448295408,0.9925205504826442,0.050654820879574514,0.9939940525948993,0.4189429571662502,0.6931925265602173,0.8232136282888731,0.4905617612388148,0.4375387902211558,0.8774023862366395,0.43208785167959884,0.2502995659976799,0.4090336769212731,0.9299842833403548,0.162298377433998,0.7408589679971227,0.905318836311718,0.7864806030011747,0.9941253027296278,0.2047675091477742,0.7966948050195198,0.7508498372516434,0.24576270089108154,0.9795537605444756,0.9786072401255745,0.6582236293363078,0.6027820496025601,0.6677534849568565,0.14435781456959662,0.3309192964829578,0.7935032020515637,0.9752168228444449,0.43900428502059985,0.6872064468170637,0.5928903076371582,0.16923328967384366,0.7295341504993211,0.3596467718955326,0.01598988889679498,0.5510671824040144,0.6407277723105376,0.38710580676153705,0.28787163050941034,0.6402581821707019,0.6779242852525152,0.04421617127742228,0.08150555180561536,0.8523017259646055,0.28321368419871784,0.40949095317301665,0.9406087340547747,0.784089805042139,0.8551928731330212,0.7745387421241747,0.10846102292141524,0.2944819891285978,0.16480329680035388,0.2036267383122139,0.8923731960102818,0.8683580075220485,0.21117782596004953,0.6859805102498141,0.2858075409864961,0.9880548964355311,0.5893526108673864,0.3285580585638559,0.23509245668278356,0.8373153185511376,DDoS
0.06590582484310115,0.7465881770797963,0.7007975374398938,0.8520056023752166,0.204808758494891,0.1183236970658682,0.8612181084265126,0.47544364012811446,0.9545826371262793,0.044075565701113595,0.4798155033489059,0.7646188045662956,0.7338192314584789,0.0545925626820809,0.7238522544879346,0.2909898811360532,0.5767603533709347,0.5006617471999678,0.45423015910335585,0.6804887178028234,0.7355024263153038,0.8625941314565316,0.9850820210820523,0.1313505516203125,0.4849507673275134,0.5173596695633488,0.9614101846693305,0.5082186000869757,0.22737679124471777,0.6780249208787884,0.7569274275959338,0.505204875814165,0.8971748812502501,0.6976823500418874,0.765836238361297,0.21987751676433986,0.3612310423749804,0.15518655350998012,0.2234606809761085,0.3429126477643022,0.7052576737879296,0.05355484839970559,0.4842316027347817,0.5934914704418663,0.43891970674316194,0.5104391061829721,0.3410308907684819,0.3387089172918465,0.9521336373403997,0.19972849405967996,0.8465964504610121,0.6456164777269973,0.2002788132032457,0.39176057032069256,0.43388073857400145,0.9798216990895716,0.4913354232571996,0.9156215864706682,0.40718721571979355,0.09764832002459911,0.6177592122776633,0.07132854419662094,0.4098200502695837,0.39976311523413044,0.7315732379557293,0.37481828223925373,0.8997620017006911,0.9913389877246277,0.8198127840744549,0.9051504919455767,0.32688740747197875,0.5553636159294634,0.66449341510061,0.3087968673676793,0.09581359045329052,0.38878898212566904,0.4995261214353688,0.4765494585629948,0.9202550434795509,DDoS
0.05719320491564661,0.2982655124042216,0.4853761354463032,0.24281420590037417,0.07633408670436304,0.9183953740020073,0.7810322799445121,0.2335059933450897,0.8206606556261993,0.5823817445737315,0.8799500232381919,0.8245761229047373,0.7377603381463836,0.3903956487745516,0.5062427384218099,0.7900091718203976,0.20398615493212324,0.8574782791401594,0.9556847257334482,0.9814959811122812,0.21916594994469152,0.15622773713335125,0.46660259915667845,0.9141411090764866,0.8972095176124123,0.3410754544657608,0.7645611547812341,0.6876581270491356,0.33158151099242994,0.3566360887640381,0.5924733831037766,0.9947924399230137,0.25990603463708684,0.8669531036167974,0.7455750544023562,0.3222221485090735,0.5177181508407952,0.5374865144101838,0.9316003887142151,0.7477323736314127,0.4674957470687576,0.6089044808508041,0.17437983082338182,0.08419787775002907,0.0006091654424917881,0.4062758902444171,0.9018638360013018,0.0965987620057176,0.32081230628686164,0.9893169434124359,0.3534017420752381,0.2205653228053307,0.47971045535721746,0.07773478888618168,0.14448615261658937,0.6018553983471102,0.12600379440935117,0.4153808467572885,0.5351599594054871,0.5549880304773803,0.23844846149582255,0.05172734163398207,0.5849134157974399,0.15964141122617448,0.3535107177856759,0.26241520128109985,0.39294593526258836,0.787715283306865,0.27992052216545404,0.6329591606113202,0.1295709828337055,0.5992577059654073,0.14882878674466293,0.42188496842993917,0.10627974550615849,0.6388990774125526,0.8569653531105317,0.959400768297483,0.2910240811005679,DDoS
0.7321299129812878,0.658462705577531,0.18429622463051432,0.6455691261394443,0.16878618331974382,0.5902312361015316,0.21897864077988516,0.03544092693313905,0.2439568477410099,0.5561527227297072,0.8470093017396148,0.4731544870570209,0.8618428632557724,0.211914442491548,0.726592763324034,0.3377789526096755,0.4769551777607174,0.2425081339064281,0.6520838316222315,0.6463111924191028,0.8757666279971973,0.6173811381887261,0.06581284562173295,0.7742814883508287,0.5265677533520057,0.4915937954780849,0.5650754270460245,0.891732365717651,0.7224470909371543,0.7041658851122401,0.09848374079221744,0.7162639177470649,0.4801892286850712,0.1151409426101887,0.9024117323759215,0.2917002004012068,0.3542983260232859,0.2896836882231102,0.024641610533375213,0.2749293354571283,0.5946243359281413,0.8149359510377681,0.7234273071598039,0.7769274963916737,0.386684778746322,0.408999273171312,0.8709171669991429,0.3490384206488395,0.23458823663879058,0.38946960812274534,0.5509764252233745,0.8508563030326216,0.26938365699087863,0.4245861004471083,0.47442353829428674,0.8278803372609983,0.4977274670909658,0.5574130355013169,0.4298179460682445,0.158942858144432,0.5673303734253207,0.1549085295848729,0.36333686094188467,0.7217279489330158,0.8116462363173091,0.8934556924106447,0.7303206355120084,0.11952510295125818,0.41178398549543815,0.7123935333191889,0.6492352737596029,0.12118026146949068,0.508722508792065,0.29059870732364457,0.5685544463882117,0.6181155463259042,0.6694029707711957,0.7390511411135506,0.2160125637460264,DDoS
0.9736782307575558,0.9854125354115615,0.4553625285382451,0.9657178119777116,0.016329015808490444,0.3990422161038517,0.5271528711789244,0.45301197396989556,0.9784021653177757,0.01672028709768847,0.09156023952062875,0.7748047151644153,0.7625595773874506,0.8288541181724406,0.5434097933789467,0.17730420243721978,0.47476203905587655,0.7459270172253583,0.8035063654338439,0.0408884431123,0.4272926848659262,0.997615677446445,0.8411494788209589,0.6291891597319853,0.8119748257833284,0.2972539706056667,0.5436853156440112,0.4779818114194495,0.5501019227878771,0.7418816018452298,0.04894084959125644,0.857621823152239,0.4419984890053744,0.24363023582346832,0.6157729761681408,0.1954126691325514,0.05348004984167909,0.4998182252143455,0.14161110446852232,0.684708725162344,0.5254799221368595,0.749181186147271,0.6381862944624143,0.5374059595163558,0.4617069504697203,0.6413152631316841,0.0777514161326921,0.38576245313993296,0.7572090876871218,0.69558781460261,0.27234101344469963,0.9217438226257745,0.21031919233537721,0.791446922728093,0.3540527342007369,0.7465134904472824,0.5722755400094711,0.555835973972372,0.10369450449179174,0.9516144449646398,0.560390335191286,0.8632542509138215,0.8274679307508054,0.7812126069145895,0.2673409606512235,0.6139662116630122,0.029026059612081934,0.884039107601464,0.42166530817507,0.23334255399139014,0.9895518435025402,0.7628547283333674,0.6702531005840852,0.24955597206464264,0.06644065135456823,0.40781515452356587,0.8432659018090752,0.43672633137931083,0.42504998656345716,DDoS
0.10052537805953676,0.12874584192428584,0.09969517376997616,0.9488998755991546,0.8473106862968105,0.26322372024882346,0.9718510914991255,0.1511143696100361,0.15561725308048469,0.9119334508849899,0.11760947003381272,0.48281040974565015,0.1659063596425674,0.3735602149723165,0.6195328438842113,0.4335941880535068,0.9114389854940971,0.3697793491357141,0.15427777563035783,0.6468670528150771,0.6134105534236002,0.19548518466532439,0.7914846567745261,0.6031224373127367,0.14959370782158632,0.2467246590838943,0.15826710399227595,0.17645836546735372,0.4565457482044255,0.496638919739567,0.2559452401920733,0.7426118505342413,0.04819730518125043,0.41885881173825124,0.9292820540485521,0.8687103248562703,0.2395210031457482,0.3867810349567945,0.4558679295246487,0.8266804188162085,0.6596175509916883,0.1179964133460768,0.00774200832676597,0.3353316832742582,0.9412679539039066,0.5437340470399991,0.4902555047531554,0.10898433430789845,0.28180993809223887,0.34149232641628724,0.20116953565467888,0.23469594202238775,0.2147635882922777,0.6111610076280314,0.5394902373927289,0.6966814054084982,0.7724880719727139,0.24906605602110254,0.6979161463801457,0.9252279695939707,0.020570208264775958,0.6662799761091353,0.6055954074527,0.4345554722035174,0.7238975465971119,0.7073567088929894,0.8120324560100216,0.2835379096601184,0.39575451336529943,0.5637279048636807,0.2579817382886448,0.01983708512040261,0.772223568760338,0.5075610795080935,0.7237518158245112,0.8630266988792206,0.711621382061283,0.9890288443621834,0.21546006215776092,DDoS
0.9016942330868444,0.4917869638913379,0.22441479562483257,0.43307693671677194,0.7074936686912134,0.0002638774864522908,0.15432438803641468,0.7629243233816337,0.8556603093208051,0.278838568305007,0.9184932925291347,0.19523249981790525,0.24939883288056086,0.4868157094604669,0.8933294832472393,0.47207244632522705,0.6379992303218557,0.8465394304364764,0.15318342297919363,0.07193104687584495,0.6126524807382082,0.3680070867451588,0.5449731313109017,0.3387526432655342,0.05936414225677933,0.24566983757146632,0.37251999230407207,0.6231279212536877,0.2395243404069689,0.43686833656641544,0.21442732476920523,0.6472645378522727,0.7615453281595757,0.3212969211282404,0.4749445582442131,0.8884041632839621,0.297126726341426,0.3788667566823759,0.6960038889564445,0.5261905647820863,0.8632643573650098,0.9427003826136362,0.5995072418062346,0.8284595949806627,0.3141060792045247,0.649628456832106,0.7282572221347751,0.40504958522239043,0.03467026297139786,0.9282079626188325,0.7478114909971805,0.9559878440645628,0.0027651269827524416,0.9217123998472518,0.6132138459521279,0.8818099589372006,0.39113884061749815,0.18291382693664615,0.4732101691611461,0.47348296504049214,0.7782638664558857,0.4402189988340913,0.7477682769999477,0.9475236288110569,0.07360515855357253,0.4171125007915196,0.3905724748887728,0.8396236965931215,0.8012711449953277,0.5226683092790537,0.9712635118108937,0.3932531116774678,0.3396889249936236,0.7487288516297531,0.9414163181575703,0.5208655994107538,0.5425948902096266,0.7386370476119669,0.7055144530162385,DDoS
0.5301307640301901,0.15151311650223653,0.42775956808646576,0.33751497413847664,0.4292874165454711,0.7069991325972884,0.49463898225021874,0.9644270353588134,0.9418523223353872,0.17660016473181595,0.23019328699304253,0.12610343577489924,0.9658946098198287,0.30233083853921905,0.48515736832045075,0.9313289303023918,0.5100616849140992,0.11404571841296995,0.1933449871540197,0.8711785060117667,0.13739608709024187,0.30337708326557244,0.1482841453971515,0.28566408410640776,0.9222519426825428,0.17165004228922054,0.35450259261632033,0.43462482451590145,0.8781669671078813,0.7523526656662711,0.2669312165008447,0.25889138552712676,0.5118568763577076,0.784749800440294,0.6725776226022415,0.06786842247212166,0.16396237423373283,0.5379651650118252,0.5784198509762147,0.5603547126008501,0.2640810514817179,0.5035618324416177,0.9176224193578495,0.426371551408674,0.6072219153644225,0.7360579163892197,0.03365305019963749,0.4155130608858417,0.41959700490869056,0.24527377680651252,0.6789764535615651,0.3966529065474289,0.6952317412091114,0.9928124622386009,0.6148107202825293,0.7192430993106018,0.5927821647506201,0.8113921398164459,0.7643982398200729,0.8050947671411463,0.9630968466144932,0.051152624105162414,0.10418068435507499,0.7872146319045823,0.5876412160847321,0.2816922074591037,0.24648889958569087,0.870171931828751,0.814221676654394,0.44222385701515987,0.9065552644919322,0.5252112422920788,0.7666228299745904,0.0734692040069792,0.29689901388688467,0.5387196767619131,0.032453165222927294,0.3133981002456391,0.6037541547326087,DDoS
0.09173662217730794,0.9688808787469244,0.8395177171884779,0.7829851587030827,0.16491264266345818,0.7899967336802147,0.21728289147947233,0.16967779127272709,0.38167494217920805,0.4198748038666724,0.34565677287231755,0.3426941295977922,0.4397898803188708,0.8768621479536131,0.9313151225215008,0.7894205154359774,0.9823778080009615,0.015626400894330872,0.6419473117476461,0.8673930109777284,0.06675142441065907,0.5381163091024483,0.6068803953893289,0.4348635695197621,0.4983002278138081,0.39408394805641866,0.41906958295846763,0.2778142184193465,0.30777738518555675,0.7277661435108799,0.7452220554815485,0.7444144153522011,0.7006455053998408,0.9983064560101087,0.6762443765687184,0.23791791346698254,0.8571738458334545,0.6750971258123921,0.8500897627026452,0.01675011207705679,0.4511030605750346,0.9467861188752098,0.14366201246700772,0.5881503861707552,0.32537877083106415,0.10005404336937018,0.06277760488603978,0.05918833706918092,0.8026316513752487,0.5851240866570226,0.009310013354382418,0.19265964485321718,0.7135795023276608,0.6677498233864313,0.32577641618497377,0.5907834091255023,0.34767874239505836,0.9914706051715677,0.13987055808716276,0.0050873568983113016,0.20199475724907479,0.41563276289079565,0.7692796988220885,0.6833469034678795,0.16372365240879017,0.9247362557566735,0.14272752148600476,0.030855069969307647,0.22672511042207277,0.524385855410896,0.026124054087160786,0.9785502193170146,0.8759285035103882,0.9067548207623757,0.8627884184732443,0.0786684192486451,0.8567867651673683,0.9575461513711379,0.12692025257517192,DDoS
0.5356523265878246,0.6363102091420075,0.6519110641809384,0.5322380019153531,0.8271077333840209,0.9012685544763215,0.6744493323568123,0.8825177543618411,0.9760916133151893,0.5155208049155255,0.6360073379206154,0.4622627004007035,0.8856837583190236,0.3676743691651365,0.10322843337868493,0.38982569927641264,0.6545325979235036,0.2825137558894918,0.5389538774646494,0.15676598852465862,0.9258631737647925,0.6847017591216437,0.48443388171607094,0.5977842194975747,0.49924033355318365,0.5676197883622,0.7970872102416843,0.050004795693745274,0.3319610354321716,0.36759469945787115,0.43495985691358907,0.6979818468200474,0.9867438254405018,0.2845603378110636,0.23723290676500774,0.7753260789265968,0.16128505380401414,0.12033681469070034,0.04260358092165584,0.2980938221971,0.7568107758059682,0.6370455349807788,0.8700868229433389,0.9442681781584112,0.7727931752240556,0.8490937505744185,0.014500307821190828,0.08473838457784377,0.7173024817845576,0.030519635130472955,0.3014319664242576,0.9637469324376233,0.20356685000856045,0.48524006698932987,0.5767289959267968,0.5230303159440386,0.5252560589785519,0.7195158340728005,0.9778305204810117,0.1826016395622806,0.8303192868554695,0.4335145032087392,0.3468718598193996,0.7598099792621402,0.8843380219207403,0.6356958531163172,0.798249160959513,0.2959030097103854,0.6023526416234748,0.5423220373495311,0.14126625071697207,0.9062925683868213,0.4980473224225628,0.00449452903545744,0.6744773028510402,0.6137646166069979,0.3932603428006798,0.06949752835768741,0.964454615259283,DDoS
